trip_id,deviceid,date,direction,bus_stop,arrival_time,departure_time,dwell_time,dwell_time_in_seconds,day_of_week,hour_of_day,weekday/end
2.0,116.0,2022-07-01,1.0,101,07:58:29,07:58:44,0:00:15,15.0,4,7,1
2.0,116.0,2022-07-01,1.0,102,08:02:39,08:02:54,0:00:15,15.0,4,8,1
2.0,116.0,2022-07-01,1.0,103,08:08:50,08:09:05,0:00:15,15.0,4,8,1
2.0,116.0,2022-07-01,1.0,104,08:12:33,08:12:33,0:00:00,0.0,4,8,1
2.0,116.0,2022-07-01,1.0,105,08:14:47,08:16:47,0:02:00,120.0,4,8,1
2.0,116.0,2022-07-01,1.0,106,08:20:47,08:21:02,0:00:15,15.0,4,8,1
2.0,116.0,2022-07-01,1.0,107,08:22:02,08:22:32,0:00:30,30.0,4,8,1
2.0,116.0,2022-07-01,1.0,108,08:24:32,08:24:47,0:00:15,15.0,4,8,1
2.0,116.0,2022-07-01,1.0,109,08:25:08,08:25:53,0:00:45,45.0,4,8,1
2.0,116.0,2022-07-01,1.0,110,08:28:17,08:28:47,0:00:30,30.0,4,8,1
2.0,116.0,2022-07-01,1.0,111,08:32:10,08:32:25,0:00:15,15.0,4,8,1
2.0,116.0,2022-07-01,1.0,112,08:36:08,08:36:38,0:00:30,30.0,4,8,1
2.0,116.0,2022-07-01,1.0,113,08:39:49,08:40:19,0:00:30,30.0,4,8,1
2.0,116.0,2022-07-01,1.0,114,08:42:23,08:43:08,0:00:45,45.0,4,8,1
4.0,116.0,2022-07-01,1.0,101,12:51:15,12:51:45,0:00:30,30.0,4,12,1
4.0,116.0,2022-07-01,1.0,102,12:55:17,12:55:17,0:00:00,0.0,4,12,1
4.0,116.0,2022-07-01,1.0,103,13:03:24,13:04:09,0:00:45,45.0,4,13,1
4.0,116.0,2022-07-01,1.0,104,13:09:04,13:09:04,0:00:00,0.0,4,13,1
4.0,116.0,2022-07-01,1.0,105,13:11:09,13:12:24,0:01:15,75.0,4,13,1
4.0,116.0,2022-07-01,1.0,106,13:16:09,13:16:24,0:00:15,15.0,4,13,1
4.0,116.0,2022-07-01,1.0,107,13:17:24,13:17:39,0:00:15,15.0,4,13,1
4.0,116.0,2022-07-01,1.0,108,13:19:25,13:20:10,0:00:45,45.0,4,13,1
4.0,116.0,2022-07-01,1.0,109,13:20:52,13:21:22,0:00:30,30.0,4,13,1
4.0,116.0,2022-07-01,1.0,110,13:24:23,13:24:53,0:00:30,30.0,4,13,1
4.0,116.0,2022-07-01,1.0,111,13:28:10,13:28:25,0:00:15,15.0,4,13,1
4.0,116.0,2022-07-01,1.0,112,13:31:34,13:31:49,0:00:15,15.0,4,13,1
4.0,116.0,2022-07-01,1.0,113,13:34:46,13:35:16,0:00:30,30.0,4,13,1
4.0,116.0,2022-07-01,1.0,114,13:36:55,13:36:55,0:00:00,0.0,4,13,1
6.0,116.0,2022-07-01,1.0,101,16:54:09,16:55:09,0:01:00,60.0,4,16,1
6.0,116.0,2022-07-01,1.0,102,16:58:24,16:58:24,0:00:00,0.0,4,16,1
6.0,116.0,2022-07-01,1.0,103,17:06:12,17:06:57,0:00:45,45.0,4,17,1
6.0,116.0,2022-07-01,1.0,104,17:10:52,17:11:07,0:00:15,15.0,4,17,1
6.0,116.0,2022-07-01,1.0,105,17:13:42,17:15:12,0:01:30,90.0,4,17,1
6.0,116.0,2022-07-01,1.0,106,17:20:24,17:22:09,0:01:45,105.0,4,17,1
6.0,116.0,2022-07-01,1.0,107,17:23:24,17:24:09,0:00:45,45.0,4,17,1
6.0,116.0,2022-07-01,1.0,108,17:26:25,17:27:10,0:00:45,45.0,4,17,1
6.0,116.0,2022-07-01,1.0,109,17:27:55,17:29:10,0:01:15,75.0,4,17,1
6.0,116.0,2022-07-01,1.0,110,17:32:38,17:34:05,0:01:27,87.0,4,17,1
6.0,116.0,2022-07-01,1.0,111,17:38:28,17:38:58,0:00:30,30.0,4,17,1
6.0,116.0,2022-07-01,1.0,112,17:43:14,17:43:44,0:00:30,30.0,4,17,1
6.0,116.0,2022-07-01,1.0,113,17:47:35,17:49:20,0:01:45,105.0,4,17,1
6.0,116.0,2022-07-01,1.0,114,17:51:31,17:52:46,0:01:15,75.0,4,17,1
8.0,116.0,2022-07-05,1.0,101,10:58:16,10:58:31,0:00:15,15.0,1,10,1
8.0,116.0,2022-07-05,1.0,102,11:02:13,11:02:28,0:00:15,15.0,1,11,1
8.0,116.0,2022-07-05,1.0,103,11:11:07,11:11:22,0:00:15,15.0,1,11,1
8.0,116.0,2022-07-05,1.0,104,11:15:17,11:15:17,0:00:00,0.0,1,11,1
8.0,116.0,2022-07-05,1.0,105,11:18:02,11:20:17,0:02:15,135.0,1,11,1
8.0,116.0,2022-07-05,1.0,106,11:24:17,11:24:32,0:00:15,15.0,1,11,1
8.0,116.0,2022-07-05,1.0,107,11:25:46,11:26:16,0:00:30,30.0,1,11,1
8.0,116.0,2022-07-05,1.0,108,11:27:59,11:28:44,0:00:45,45.0,1,11,1
8.0,116.0,2022-07-05,1.0,109,11:29:29,11:29:59,0:00:30,30.0,1,11,1
8.0,116.0,2022-07-05,1.0,110,11:32:45,11:33:30,0:00:45,45.0,1,11,1
8.0,116.0,2022-07-05,1.0,111,11:36:27,11:36:42,0:00:15,15.0,1,11,1
8.0,116.0,2022-07-05,1.0,112,11:39:52,11:40:07,0:00:15,15.0,1,11,1
8.0,116.0,2022-07-05,1.0,113,11:43:17,11:43:47,0:00:30,30.0,1,11,1
8.0,116.0,2022-07-05,1.0,114,11:45:52,11:46:07,0:00:15,15.0,1,11,1
10.0,116.0,2022-07-05,1.0,101,16:58:11,16:58:56,0:00:45,45.0,1,16,1
10.0,116.0,2022-07-05,1.0,102,17:01:41,17:01:41,0:00:00,0.0,1,17,1
10.0,116.0,2022-07-05,1.0,103,17:09:51,17:10:06,0:00:15,15.0,1,17,1
10.0,116.0,2022-07-05,1.0,104,17:13:59,17:13:59,0:00:00,0.0,1,17,1
10.0,116.0,2022-07-05,1.0,105,17:16:15,17:16:30,0:00:15,15.0,1,17,1
10.0,116.0,2022-07-05,1.0,106,17:19:56,17:20:11,0:00:15,15.0,1,17,1
10.0,116.0,2022-07-05,1.0,107,17:20:56,17:20:56,0:00:00,0.0,1,17,1
10.0,116.0,2022-07-05,1.0,108,17:23:02,17:23:17,0:00:15,15.0,1,17,1
10.0,116.0,2022-07-05,1.0,109,17:23:45,17:24:45,0:01:00,60.0,1,17,1
10.0,116.0,2022-07-05,1.0,110,17:27:57,17:28:42,0:00:45,45.0,1,17,1
10.0,116.0,2022-07-05,1.0,111,17:31:34,17:31:49,0:00:15,15.0,1,17,1
10.0,116.0,2022-07-05,1.0,112,17:36:08,17:36:23,0:00:15,15.0,1,17,1
10.0,116.0,2022-07-05,1.0,113,17:39:01,17:39:46,0:00:45,45.0,1,17,1
10.0,116.0,2022-07-05,1.0,114,17:41:46,17:42:01,0:00:15,15.0,1,17,1
12.0,116.0,2022-07-06,1.0,101,10:13:10,10:13:40,0:00:30,30.0,2,10,1
12.0,116.0,2022-07-06,1.0,102,10:17:10,10:17:10,0:00:00,0.0,2,10,1
12.0,116.0,2022-07-06,1.0,103,10:25:10,10:25:25,0:00:15,15.0,2,10,1
12.0,116.0,2022-07-06,1.0,104,10:29:02,10:29:02,0:00:00,0.0,2,10,1
12.0,116.0,2022-07-06,1.0,105,10:31:22,10:33:37,0:02:15,135.0,2,10,1
12.0,116.0,2022-07-06,1.0,106,10:37:19,10:37:19,0:00:00,0.0,2,10,1
12.0,116.0,2022-07-06,1.0,107,10:39:04,10:39:19,0:00:15,15.0,2,10,1
12.0,116.0,2022-07-06,1.0,108,10:41:04,10:41:04,0:00:00,0.0,2,10,1
12.0,116.0,2022-07-06,1.0,109,10:42:04,10:42:34,0:00:30,30.0,2,10,1
12.0,116.0,2022-07-06,1.0,110,10:45:19,10:45:34,0:00:15,15.0,2,10,1
12.0,116.0,2022-07-06,1.0,111,10:48:36,10:48:51,0:00:15,15.0,2,10,1
12.0,116.0,2022-07-06,1.0,112,10:52:51,10:53:06,0:00:15,15.0,2,10,1
12.0,116.0,2022-07-06,1.0,113,10:56:17,10:56:32,0:00:15,15.0,2,10,1
12.0,116.0,2022-07-06,1.0,114,10:58:32,10:58:32,0:00:00,0.0,2,10,1
14.0,116.0,2022-07-06,1.0,101,13:12:21,13:14:19,0:01:58,118.0,2,13,1
14.0,116.0,2022-07-06,1.0,102,13:17:19,13:17:19,0:00:00,0.0,2,13,1
14.0,116.0,2022-07-06,1.0,103,13:24:10,13:24:10,0:00:00,0.0,2,13,1
14.0,116.0,2022-07-06,1.0,104,13:28:04,13:28:04,0:00:00,0.0,2,13,1
14.0,116.0,2022-07-06,1.0,105,13:30:43,13:31:13,0:00:30,30.0,2,13,1
14.0,116.0,2022-07-06,1.0,106,13:34:28,13:34:58,0:00:30,30.0,2,13,1
14.0,116.0,2022-07-06,1.0,107,13:36:14,13:36:29,0:00:15,15.0,2,13,1
14.0,116.0,2022-07-06,1.0,108,13:38:14,13:38:29,0:00:15,15.0,2,13,1
14.0,116.0,2022-07-06,1.0,109,13:39:29,13:39:44,0:00:15,15.0,2,13,1
14.0,116.0,2022-07-06,1.0,110,13:43:05,13:43:20,0:00:15,15.0,2,13,1
14.0,116.0,2022-07-06,1.0,111,13:49:30,13:50:15,0:00:45,45.0,2,13,1
14.0,116.0,2022-07-06,1.0,112,13:55:15,13:55:45,0:00:30,30.0,2,13,1
14.0,116.0,2022-07-06,1.0,113,13:59:15,13:59:30,0:00:15,15.0,2,13,1
14.0,116.0,2022-07-06,1.0,114,14:01:28,14:01:43,0:00:15,15.0,2,14,1
16.0,116.0,2022-07-06,1.0,101,16:54:25,16:54:40,0:00:15,15.0,2,16,1
16.0,116.0,2022-07-06,1.0,102,16:57:52,16:57:52,0:00:00,0.0,2,16,1
16.0,116.0,2022-07-06,1.0,103,17:07:43,17:08:13,0:00:30,30.0,2,17,1
16.0,116.0,2022-07-06,1.0,104,17:13:16,17:13:16,0:00:00,0.0,2,17,1
16.0,116.0,2022-07-06,1.0,105,17:16:15,17:17:26,0:01:11,71.0,2,17,1
16.0,116.0,2022-07-06,1.0,106,17:24:11,17:24:56,0:00:45,45.0,2,17,1
16.0,116.0,2022-07-06,1.0,107,17:25:56,17:26:26,0:00:30,30.0,2,17,1
16.0,116.0,2022-07-06,1.0,108,17:27:14,17:27:29,0:00:15,15.0,2,17,1
16.0,116.0,2022-07-06,1.0,109,17:28:29,17:29:29,0:01:00,60.0,2,17,1
16.0,116.0,2022-07-06,1.0,110,17:32:37,17:33:07,0:00:30,30.0,2,17,1
16.0,116.0,2022-07-06,1.0,111,17:35:24,17:35:24,0:00:00,0.0,2,17,1
16.0,116.0,2022-07-06,1.0,112,17:38:38,17:38:53,0:00:15,15.0,2,17,1
16.0,116.0,2022-07-06,1.0,113,17:41:24,17:43:39,0:02:15,135.0,2,17,1
16.0,116.0,2022-07-06,1.0,114,17:46:17,17:47:02,0:00:45,45.0,2,17,1
18.0,117.0,2022-07-04,1.0,101,06:27:35,06:27:50,0:00:15,15.0,0,6,1
18.0,117.0,2022-07-04,1.0,102,06:31:17,06:31:32,0:00:15,15.0,0,6,1
18.0,117.0,2022-07-04,1.0,103,06:38:25,06:38:40,0:00:15,15.0,0,6,1
18.0,117.0,2022-07-04,1.0,104,06:41:57,06:41:57,0:00:00,0.0,0,6,1
18.0,117.0,2022-07-04,1.0,105,06:43:50,06:44:05,0:00:15,15.0,0,6,1
18.0,117.0,2022-07-04,1.0,106,06:49:07,06:49:22,0:00:15,15.0,0,6,1
18.0,117.0,2022-07-04,1.0,107,06:50:23,06:50:53,0:00:30,30.0,0,6,1
18.0,117.0,2022-07-04,1.0,108,06:52:35,06:53:16,0:00:41,41.0,0,6,1
18.0,117.0,2022-07-04,1.0,109,06:53:42,06:53:57,0:00:15,15.0,0,6,1
18.0,117.0,2022-07-04,1.0,110,06:57:22,06:57:37,0:00:15,15.0,0,6,1
18.0,117.0,2022-07-04,1.0,111,07:01:07,07:01:19,0:00:12,12.0,0,7,1
18.0,117.0,2022-07-04,1.0,112,07:03:58,07:04:13,0:00:15,15.0,0,7,1
18.0,117.0,2022-07-04,1.0,113,07:07:08,07:07:23,0:00:15,15.0,0,7,1
18.0,117.0,2022-07-04,1.0,114,07:09:43,07:09:58,0:00:15,15.0,0,7,1
20.0,117.0,2022-07-04,1.0,101,10:59:12,10:59:27,0:00:15,15.0,0,10,1
20.0,117.0,2022-07-04,1.0,102,11:04:22,11:04:37,0:00:15,15.0,0,11,1
20.0,117.0,2022-07-04,1.0,103,11:13:19,11:13:34,0:00:15,15.0,0,11,1
20.0,117.0,2022-07-04,1.0,104,11:18:56,11:18:56,0:00:00,0.0,0,11,1
20.0,117.0,2022-07-04,1.0,105,11:21:35,11:21:50,0:00:15,15.0,0,11,1
20.0,117.0,2022-07-04,1.0,106,11:26:37,11:26:52,0:00:15,15.0,0,11,1
20.0,117.0,2022-07-04,1.0,107,11:28:54,11:29:09,0:00:15,15.0,0,11,1
20.0,117.0,2022-07-04,1.0,108,11:31:38,11:31:53,0:00:15,15.0,0,11,1
20.0,117.0,2022-07-04,1.0,109,11:32:40,11:32:55,0:00:15,15.0,0,11,1
20.0,117.0,2022-07-04,1.0,110,11:37:00,11:37:15,0:00:15,15.0,0,11,1
20.0,117.0,2022-07-04,1.0,111,11:41:36,11:41:51,0:00:15,15.0,0,11,1
20.0,117.0,2022-07-04,1.0,112,11:45:55,11:46:10,0:00:15,15.0,0,11,1
20.0,117.0,2022-07-04,1.0,113,11:49:14,11:49:29,0:00:15,15.0,0,11,1
20.0,117.0,2022-07-04,1.0,114,11:52:32,11:52:47,0:00:15,15.0,0,11,1
22.0,117.0,2022-07-04,1.0,101,14:05:25,14:05:40,0:00:15,15.0,0,14,1
22.0,117.0,2022-07-04,1.0,102,14:10:14,14:10:29,0:00:15,15.0,0,14,1
22.0,117.0,2022-07-04,1.0,103,14:18:01,14:18:16,0:00:15,15.0,0,14,1
22.0,117.0,2022-07-04,1.0,104,14:22:32,14:22:32,0:00:00,0.0,0,14,1
22.0,117.0,2022-07-04,1.0,105,14:25:08,14:25:23,0:00:15,15.0,0,14,1
22.0,117.0,2022-07-04,1.0,106,14:30:08,14:30:23,0:00:15,15.0,0,14,1
22.0,117.0,2022-07-04,1.0,107,14:31:32,14:31:47,0:00:15,15.0,0,14,1
22.0,117.0,2022-07-04,1.0,108,14:33:18,14:34:10,0:00:52,52.0,0,14,1
22.0,117.0,2022-07-04,1.0,109,14:34:39,14:34:54,0:00:15,15.0,0,14,1
22.0,117.0,2022-07-04,1.0,110,14:38:48,14:39:03,0:00:15,15.0,0,14,1
22.0,117.0,2022-07-04,1.0,111,14:43:02,14:43:17,0:00:15,15.0,0,14,1
22.0,117.0,2022-07-04,1.0,112,14:46:32,14:47:02,0:00:30,30.0,0,14,1
22.0,117.0,2022-07-04,1.0,113,14:49:48,14:50:03,0:00:15,15.0,0,14,1
22.0,117.0,2022-07-04,1.0,114,14:53:59,14:54:51,0:00:52,52.0,0,14,1
24.0,117.0,2022-07-05,1.0,101,06:32:53,06:33:08,0:00:15,15.0,1,6,1
24.0,117.0,2022-07-05,1.0,102,06:37:44,06:37:44,0:00:00,0.0,1,6,1
24.0,117.0,2022-07-05,1.0,103,06:45:32,06:45:47,0:00:15,15.0,1,6,1
24.0,117.0,2022-07-05,1.0,104,06:49:30,06:49:30,0:00:00,0.0,1,6,1
24.0,117.0,2022-07-05,1.0,105,06:51:44,06:51:59,0:00:15,15.0,1,6,1
24.0,117.0,2022-07-05,1.0,106,07:00:15,07:00:30,0:00:15,15.0,1,7,1
24.0,117.0,2022-07-05,1.0,107,07:01:54,07:02:09,0:00:15,15.0,1,7,1
24.0,117.0,2022-07-05,1.0,108,07:04:05,07:04:20,0:00:15,15.0,1,7,1
24.0,117.0,2022-07-05,1.0,109,07:05:11,07:05:26,0:00:15,15.0,1,7,1
24.0,117.0,2022-07-05,1.0,110,07:10:45,07:11:00,0:00:15,15.0,1,7,1
24.0,117.0,2022-07-05,1.0,111,07:14:55,07:15:10,0:00:15,15.0,1,7,1
24.0,117.0,2022-07-05,1.0,112,07:18:46,07:18:55,0:00:09,9.0,1,7,1
24.0,117.0,2022-07-05,1.0,113,07:21:48,07:22:03,0:00:15,15.0,1,7,1
24.0,117.0,2022-07-05,1.0,114,07:24:16,07:25:21,0:01:05,65.0,1,7,1
26.0,117.0,2022-07-05,1.0,101,12:27:19,12:27:34,0:00:15,15.0,1,12,1
26.0,117.0,2022-07-05,1.0,102,12:31:35,12:31:35,0:00:00,0.0,1,12,1
26.0,117.0,2022-07-05,1.0,103,12:39:13,12:39:19,0:00:06,6.0,1,12,1
26.0,117.0,2022-07-05,1.0,104,12:44:05,12:44:05,0:00:00,0.0,1,12,1
26.0,117.0,2022-07-05,1.0,105,12:46:51,12:48:58,0:02:07,127.0,1,12,1
26.0,117.0,2022-07-05,1.0,106,12:53:27,12:53:42,0:00:15,15.0,1,12,1
26.0,117.0,2022-07-05,1.0,107,12:55:22,12:55:37,0:00:15,15.0,1,12,1
26.0,117.0,2022-07-05,1.0,108,12:57:16,12:57:31,0:00:15,15.0,1,12,1
26.0,117.0,2022-07-05,1.0,109,12:58:16,12:59:16,0:01:00,60.0,1,12,1
26.0,117.0,2022-07-05,1.0,110,13:02:24,13:03:10,0:00:46,46.0,1,13,1
26.0,117.0,2022-07-05,1.0,111,13:06:16,13:06:31,0:00:15,15.0,1,13,1
26.0,117.0,2022-07-05,1.0,112,13:09:55,13:10:07,0:00:12,12.0,1,13,1
26.0,117.0,2022-07-05,1.0,113,13:13:11,13:13:26,0:00:15,15.0,1,13,1
26.0,117.0,2022-07-05,1.0,114,13:15:37,13:15:52,0:00:15,15.0,1,13,1
28.0,117.0,2022-07-06,1.0,101,06:42:27,06:42:42,0:00:15,15.0,2,6,1
28.0,117.0,2022-07-06,1.0,102,06:46:45,06:47:00,0:00:15,15.0,2,6,1
28.0,117.0,2022-07-06,1.0,103,06:53:24,06:54:08,0:00:44,44.0,2,6,1
28.0,117.0,2022-07-06,1.0,104,06:56:57,06:56:57,0:00:00,0.0,2,6,1
28.0,117.0,2022-07-06,1.0,105,06:58:29,07:03:49,0:05:20,320.0,2,6,1
28.0,117.0,2022-07-06,1.0,106,07:07:32,07:07:47,0:00:15,15.0,2,7,1
28.0,117.0,2022-07-06,1.0,107,07:08:36,07:08:51,0:00:15,15.0,2,7,1
28.0,117.0,2022-07-06,1.0,108,07:10:23,07:11:02,0:00:39,39.0,2,7,1
28.0,117.0,2022-07-06,1.0,109,07:11:28,07:11:43,0:00:15,15.0,2,7,1
28.0,117.0,2022-07-06,1.0,110,07:15:43,07:15:58,0:00:15,15.0,2,7,1
28.0,117.0,2022-07-06,1.0,111,07:19:49,07:20:04,0:00:15,15.0,2,7,1
28.0,117.0,2022-07-06,1.0,112,07:24:13,07:24:28,0:00:15,15.0,2,7,1
28.0,117.0,2022-07-06,1.0,113,07:27:04,07:27:19,0:00:15,15.0,2,7,1
28.0,117.0,2022-07-06,1.0,114,07:29:29,07:30:11,0:00:42,42.0,2,7,1
30.0,117.0,2022-07-08,1.0,101,06:42:40,06:42:55,0:00:15,15.0,4,6,1
30.0,117.0,2022-07-08,1.0,102,06:47:27,06:47:27,0:00:00,0.0,4,6,1
30.0,117.0,2022-07-08,1.0,103,06:56:59,06:57:14,0:00:15,15.0,4,6,1
30.0,117.0,2022-07-08,1.0,104,07:01:02,07:01:02,0:00:00,0.0,4,7,1
30.0,117.0,2022-07-08,1.0,105,07:02:45,07:03:00,0:00:15,15.0,4,7,1
30.0,117.0,2022-07-08,1.0,106,07:09:12,07:09:27,0:00:15,15.0,4,7,1
30.0,117.0,2022-07-08,1.0,107,07:10:38,07:10:53,0:00:15,15.0,4,7,1
30.0,117.0,2022-07-08,1.0,108,07:12:42,07:12:57,0:00:15,15.0,4,7,1
30.0,117.0,2022-07-08,1.0,109,07:14:05,07:14:05,0:00:00,0.0,4,7,1
30.0,117.0,2022-07-08,1.0,110,07:17:18,07:17:33,0:00:15,15.0,4,7,1
30.0,117.0,2022-07-08,1.0,111,07:21:47,07:21:55,0:00:08,8.0,4,7,1
30.0,117.0,2022-07-08,1.0,112,07:25:24,07:25:39,0:00:15,15.0,4,7,1
30.0,117.0,2022-07-08,1.0,113,07:28:28,07:28:43,0:00:15,15.0,4,7,1
30.0,117.0,2022-07-08,1.0,114,07:30:41,07:31:15,0:00:34,34.0,4,7,1
33.0,117.0,2022-07-18,1.0,101,06:46:47,06:47:02,0:00:15,15.0,0,6,1
33.0,117.0,2022-07-18,1.0,102,06:50:19,06:50:19,0:00:00,0.0,0,6,1
33.0,117.0,2022-07-18,1.0,103,06:58:23,06:58:38,0:00:15,15.0,0,6,1
33.0,117.0,2022-07-18,1.0,104,07:02:34,07:02:36,0:00:02,2.0,0,7,1
33.0,117.0,2022-07-18,1.0,105,07:05:10,07:05:25,0:00:15,15.0,0,7,1
33.0,117.0,2022-07-18,1.0,106,07:11:32,07:11:47,0:00:15,15.0,0,7,1
33.0,117.0,2022-07-18,1.0,107,07:13:08,07:13:08,0:00:00,0.0,0,7,1
33.0,117.0,2022-07-18,1.0,108,07:15:21,07:15:36,0:00:15,15.0,0,7,1
33.0,117.0,2022-07-18,1.0,109,07:16:19,07:16:34,0:00:15,15.0,0,7,1
33.0,117.0,2022-07-18,1.0,110,07:21:24,07:21:39,0:00:15,15.0,0,7,1
33.0,117.0,2022-07-18,1.0,111,07:25:41,07:25:56,0:00:15,15.0,0,7,1
33.0,117.0,2022-07-18,1.0,112,07:29:55,07:30:10,0:00:15,15.0,0,7,1
33.0,117.0,2022-07-18,1.0,113,07:34:28,07:34:43,0:00:15,15.0,0,7,1
33.0,117.0,2022-07-18,1.0,114,07:37:21,07:37:54,0:00:33,33.0,0,7,1
35.0,117.0,2022-07-19,1.0,101,13:16:45,13:17:00,0:00:15,15.0,1,13,1
35.0,117.0,2022-07-19,1.0,102,13:22:09,13:22:24,0:00:15,15.0,1,13,1
35.0,117.0,2022-07-19,1.0,103,13:30:34,13:30:49,0:00:15,15.0,1,13,1
35.0,117.0,2022-07-19,1.0,104,13:35:35,13:35:35,0:00:00,0.0,1,13,1
35.0,117.0,2022-07-19,1.0,105,13:39:11,13:39:26,0:00:15,15.0,1,13,1
35.0,117.0,2022-07-19,1.0,106,13:44:10,13:45:12,0:01:02,62.0,1,13,1
35.0,117.0,2022-07-19,1.0,107,13:46:08,13:46:08,0:00:00,0.0,1,13,1
35.0,117.0,2022-07-19,1.0,108,13:47:52,13:48:38,0:00:46,46.0,1,13,1
35.0,117.0,2022-07-19,1.0,109,13:49:11,13:49:26,0:00:15,15.0,1,13,1
35.0,117.0,2022-07-19,1.0,110,13:53:28,13:53:43,0:00:15,15.0,1,13,1
35.0,117.0,2022-07-19,1.0,111,13:57:11,13:57:26,0:00:15,15.0,1,13,1
35.0,117.0,2022-07-19,1.0,112,14:00:58,14:01:13,0:00:15,15.0,1,14,1
35.0,117.0,2022-07-19,1.0,113,14:04:04,14:04:19,0:00:15,15.0,1,14,1
35.0,117.0,2022-07-19,1.0,114,14:06:56,14:07:11,0:00:15,15.0,1,14,1
37.0,117.0,2022-07-23,1.0,101,06:43:35,06:44:45,0:01:10,70.0,5,6,0
37.0,117.0,2022-07-23,1.0,102,06:47:46,06:47:46,0:00:00,0.0,5,6,0
37.0,117.0,2022-07-23,1.0,103,06:56:22,06:56:37,0:00:15,15.0,5,6,0
37.0,117.0,2022-07-23,1.0,104,06:59:51,06:59:51,0:00:00,0.0,5,6,0
37.0,117.0,2022-07-23,1.0,105,07:02:03,07:02:18,0:00:15,15.0,5,7,0
37.0,117.0,2022-07-23,1.0,106,07:07:43,07:07:58,0:00:15,15.0,5,7,0
37.0,117.0,2022-07-23,1.0,107,07:08:56,07:08:56,0:00:00,0.0,5,7,0
37.0,117.0,2022-07-23,1.0,108,07:10:50,07:11:05,0:00:15,15.0,5,7,0
37.0,117.0,2022-07-23,1.0,109,07:11:47,07:13:02,0:01:15,75.0,5,7,0
37.0,117.0,2022-07-23,1.0,110,07:15:58,07:16:13,0:00:15,15.0,5,7,0
37.0,117.0,2022-07-23,1.0,111,07:19:37,07:19:52,0:00:15,15.0,5,7,0
37.0,117.0,2022-07-23,1.0,112,07:23:12,07:23:42,0:00:30,30.0,5,7,0
37.0,117.0,2022-07-23,1.0,113,07:26:29,07:26:44,0:00:15,15.0,5,7,0
37.0,117.0,2022-07-23,1.0,114,07:29:24,07:29:39,0:00:15,15.0,5,7,0
39.0,117.0,2022-07-23,1.0,101,12:02:37,12:02:52,0:00:15,15.0,5,12,0
39.0,117.0,2022-07-23,1.0,102,12:09:21,12:09:48,0:00:27,27.0,5,12,0
39.0,117.0,2022-07-23,1.0,103,12:36:40,12:39:03,0:02:23,143.0,5,12,0
39.0,117.0,2022-07-23,1.0,105,12:45:09,12:45:24,0:00:15,15.0,5,12,0
39.0,117.0,2022-07-23,1.0,106,12:49:24,12:49:39,0:00:15,15.0,5,12,0
39.0,117.0,2022-07-23,1.0,107,12:50:58,12:51:13,0:00:15,15.0,5,12,0
39.0,117.0,2022-07-23,1.0,108,12:53:01,12:53:16,0:00:15,15.0,5,12,0
39.0,117.0,2022-07-23,1.0,109,12:54:02,12:54:17,0:00:15,15.0,5,12,0
39.0,117.0,2022-07-23,1.0,110,12:58:16,12:58:31,0:00:15,15.0,5,12,0
39.0,117.0,2022-07-23,1.0,111,13:01:30,13:01:40,0:00:10,10.0,5,13,0
39.0,117.0,2022-07-23,1.0,112,13:04:50,13:05:12,0:00:22,22.0,5,13,0
39.0,117.0,2022-07-23,1.0,113,13:08:18,13:08:33,0:00:15,15.0,5,13,0
39.0,117.0,2022-07-23,1.0,114,13:10:39,13:10:54,0:00:15,15.0,5,13,0
41.0,117.0,2022-07-24,1.0,101,06:39:51,06:40:06,0:00:15,15.0,6,6,0
41.0,117.0,2022-07-24,1.0,102,06:45:10,06:45:16,0:00:06,6.0,6,6,0
41.0,117.0,2022-07-24,1.0,103,06:52:31,06:52:45,0:00:14,14.0,6,6,0
41.0,117.0,2022-07-24,1.0,104,06:56:11,06:56:11,0:00:00,0.0,6,6,0
41.0,117.0,2022-07-24,1.0,105,06:58:17,06:59:19,0:01:02,62.0,6,6,0
41.0,117.0,2022-07-24,1.0,106,07:03:17,07:03:32,0:00:15,15.0,6,7,0
41.0,117.0,2022-07-24,1.0,107,07:05:01,07:05:16,0:00:15,15.0,6,7,0
41.0,117.0,2022-07-24,1.0,108,07:06:35,07:06:50,0:00:15,15.0,6,7,0
41.0,117.0,2022-07-24,1.0,109,07:07:20,07:07:35,0:00:15,15.0,6,7,0
41.0,117.0,2022-07-24,1.0,110,07:10:37,07:10:52,0:00:15,15.0,6,7,0
41.0,117.0,2022-07-24,1.0,111,07:15:46,07:16:01,0:00:15,15.0,6,7,0
41.0,117.0,2022-07-24,1.0,112,07:19:51,07:20:15,0:00:24,24.0,6,7,0
41.0,117.0,2022-07-24,1.0,113,07:23:46,07:24:01,0:00:15,15.0,6,7,0
41.0,117.0,2022-07-24,1.0,114,07:26:25,07:26:40,0:00:15,15.0,6,7,0
43.0,117.0,2022-07-24,1.0,101,10:48:36,10:49:08,0:00:32,32.0,6,10,0
43.0,117.0,2022-07-24,1.0,102,10:52:42,10:52:42,0:00:00,0.0,6,10,0
43.0,117.0,2022-07-24,1.0,103,11:01:33,11:01:48,0:00:15,15.0,6,11,0
43.0,117.0,2022-07-24,1.0,104,11:06:38,11:06:38,0:00:00,0.0,6,11,0
43.0,117.0,2022-07-24,1.0,105,11:09:11,11:09:26,0:00:15,15.0,6,11,0
43.0,117.0,2022-07-24,1.0,106,11:15:35,11:15:50,0:00:15,15.0,6,11,0
43.0,117.0,2022-07-24,1.0,107,11:17:43,11:17:58,0:00:15,15.0,6,11,0
43.0,117.0,2022-07-24,1.0,108,11:19:30,11:19:45,0:00:15,15.0,6,11,0
43.0,117.0,2022-07-24,1.0,109,11:20:35,11:21:28,0:00:53,53.0,6,11,0
43.0,117.0,2022-07-24,1.0,110,11:24:17,11:24:32,0:00:15,15.0,6,11,0
43.0,117.0,2022-07-24,1.0,111,11:28:16,11:28:31,0:00:15,15.0,6,11,0
43.0,117.0,2022-07-24,1.0,112,11:31:27,11:31:42,0:00:15,15.0,6,11,0
43.0,117.0,2022-07-24,1.0,113,11:34:31,11:34:47,0:00:16,16.0,6,11,0
43.0,117.0,2022-07-24,1.0,114,11:36:38,11:36:53,0:00:15,15.0,6,11,0
45.0,117.0,2022-07-24,1.0,101,13:56:11,13:56:26,0:00:15,15.0,6,13,0
45.0,117.0,2022-07-24,1.0,102,14:02:26,14:02:41,0:00:15,15.0,6,14,0
45.0,117.0,2022-07-24,1.0,103,14:10:13,14:10:28,0:00:15,15.0,6,14,0
45.0,117.0,2022-07-24,1.0,104,14:14:16,14:14:16,0:00:00,0.0,6,14,0
45.0,117.0,2022-07-24,1.0,105,14:16:53,14:17:08,0:00:15,15.0,6,14,0
45.0,117.0,2022-07-24,1.0,106,14:22:34,14:22:49,0:00:15,15.0,6,14,0
45.0,117.0,2022-07-24,1.0,107,14:24:26,14:25:10,0:00:44,44.0,6,14,0
45.0,117.0,2022-07-24,1.0,108,14:26:17,14:26:32,0:00:15,15.0,6,14,0
45.0,117.0,2022-07-24,1.0,109,14:27:06,14:27:21,0:00:15,15.0,6,14,0
45.0,117.0,2022-07-24,1.0,110,14:31:23,14:31:38,0:00:15,15.0,6,14,0
45.0,117.0,2022-07-24,1.0,111,14:36:39,14:36:54,0:00:15,15.0,6,14,0
45.0,117.0,2022-07-24,1.0,112,14:40:15,14:40:30,0:00:15,15.0,6,14,0
45.0,117.0,2022-07-24,1.0,113,14:43:26,14:43:41,0:00:15,15.0,6,14,0
45.0,117.0,2022-07-24,1.0,114,14:45:56,14:46:26,0:00:30,30.0,6,14,0
47.0,117.0,2022-07-25,1.0,101,06:43:47,06:44:17,0:00:30,30.0,0,6,1
47.0,117.0,2022-07-25,1.0,102,06:49:57,06:50:12,0:00:15,15.0,0,6,1
47.0,117.0,2022-07-25,1.0,103,07:07:07,07:07:07,0:00:00,0.0,0,7,1
47.0,117.0,2022-07-25,1.0,104,07:11:52,07:11:52,0:00:00,0.0,0,7,1
47.0,117.0,2022-07-25,1.0,105,07:14:13,07:14:28,0:00:15,15.0,0,7,1
47.0,117.0,2022-07-25,1.0,106,07:18:32,07:18:47,0:00:15,15.0,0,7,1
47.0,117.0,2022-07-25,1.0,107,07:20:04,07:20:19,0:00:15,15.0,0,7,1
47.0,117.0,2022-07-25,1.0,108,07:21:44,07:21:59,0:00:15,15.0,0,7,1
47.0,117.0,2022-07-25,1.0,109,07:22:45,07:23:00,0:00:15,15.0,0,7,1
47.0,117.0,2022-07-25,1.0,110,07:27:34,07:27:49,0:00:15,15.0,0,7,1
47.0,117.0,2022-07-25,1.0,111,07:31:14,07:31:29,0:00:15,15.0,0,7,1
47.0,117.0,2022-07-25,1.0,112,07:34:47,07:35:02,0:00:15,15.0,0,7,1
47.0,117.0,2022-07-25,1.0,113,07:38:24,07:38:39,0:00:15,15.0,0,7,1
47.0,117.0,2022-07-25,1.0,114,07:41:00,07:41:15,0:00:15,15.0,0,7,1
49.0,117.0,2022-07-25,1.0,101,10:46:23,10:46:57,0:00:34,34.0,0,10,1
49.0,117.0,2022-07-25,1.0,102,10:51:13,10:51:48,0:00:35,35.0,0,10,1
49.0,117.0,2022-07-25,1.0,103,11:00:56,11:01:11,0:00:15,15.0,0,11,1
49.0,117.0,2022-07-25,1.0,104,11:50:23,11:57:35,0:07:12,432.0,0,11,1
49.0,117.0,2022-07-25,1.0,105,12:08:14,12:08:29,0:00:15,15.0,0,12,1
49.0,117.0,2022-07-25,1.0,106,12:10:59,12:11:43,0:00:44,44.0,0,12,1
49.0,117.0,2022-07-25,1.0,107,12:12:33,12:12:48,0:00:15,15.0,0,12,1
49.0,117.0,2022-07-25,1.0,108,12:14:16,12:14:31,0:00:15,15.0,0,12,1
49.0,117.0,2022-07-25,1.0,109,12:14:56,12:15:11,0:00:15,15.0,0,12,1
49.0,117.0,2022-07-25,1.0,110,12:17:42,12:17:57,0:00:15,15.0,0,12,1
49.0,117.0,2022-07-25,1.0,111,12:22:00,12:22:13,0:00:13,13.0,0,12,1
49.0,117.0,2022-07-25,1.0,112,12:25:41,12:25:56,0:00:15,15.0,0,12,1
49.0,117.0,2022-07-25,1.0,113,12:28:55,12:29:10,0:00:15,15.0,0,12,1
49.0,117.0,2022-07-25,1.0,114,12:31:04,12:31:19,0:00:15,15.0,0,12,1
51.0,117.0,2022-07-26,1.0,101,06:27:11,06:27:26,0:00:15,15.0,1,6,1
51.0,117.0,2022-07-26,1.0,102,06:33:20,06:33:35,0:00:15,15.0,1,6,1
51.0,117.0,2022-07-26,1.0,103,06:42:58,06:43:31,0:00:33,33.0,1,6,1
51.0,117.0,2022-07-26,1.0,104,06:47:15,06:47:15,0:00:00,0.0,1,6,1
51.0,117.0,2022-07-26,1.0,105,06:50:26,06:50:41,0:00:15,15.0,1,6,1
51.0,117.0,2022-07-26,1.0,106,06:57:02,06:57:17,0:00:15,15.0,1,6,1
51.0,117.0,2022-07-26,1.0,107,06:58:29,06:58:44,0:00:15,15.0,1,6,1
51.0,117.0,2022-07-26,1.0,108,07:00:17,07:00:32,0:00:15,15.0,1,7,1
51.0,117.0,2022-07-26,1.0,109,07:01:38,07:01:53,0:00:15,15.0,1,7,1
51.0,117.0,2022-07-26,1.0,110,07:06:43,07:06:58,0:00:15,15.0,1,7,1
51.0,117.0,2022-07-26,1.0,111,07:14:09,07:14:24,0:00:15,15.0,1,7,1
51.0,117.0,2022-07-26,1.0,112,07:18:44,07:18:59,0:00:15,15.0,1,7,1
51.0,117.0,2022-07-26,1.0,113,07:23:52,07:24:07,0:00:15,15.0,1,7,1
51.0,117.0,2022-07-26,1.0,114,07:27:32,07:27:47,0:00:15,15.0,1,7,1
53.0,117.0,2022-07-26,1.0,101,12:50:36,12:51:00,0:00:24,24.0,1,12,1
53.0,117.0,2022-07-26,1.0,102,12:56:00,12:56:35,0:00:35,35.0,1,12,1
53.0,117.0,2022-07-26,1.0,103,13:05:20,13:05:35,0:00:15,15.0,1,13,1
53.0,117.0,2022-07-26,1.0,104,13:10:03,13:10:03,0:00:00,0.0,1,13,1
53.0,117.0,2022-07-26,1.0,105,13:16:20,13:16:35,0:00:15,15.0,1,13,1
53.0,117.0,2022-07-26,1.0,106,13:20:34,13:20:49,0:00:15,15.0,1,13,1
53.0,117.0,2022-07-26,1.0,107,13:22:05,13:23:09,0:01:04,64.0,1,13,1
53.0,117.0,2022-07-26,1.0,108,13:24:51,13:25:06,0:00:15,15.0,1,13,1
53.0,117.0,2022-07-26,1.0,109,13:25:47,13:26:02,0:00:15,15.0,1,13,1
53.0,117.0,2022-07-26,1.0,110,13:30:29,13:30:44,0:00:15,15.0,1,13,1
53.0,117.0,2022-07-26,1.0,111,13:34:15,13:34:30,0:00:15,15.0,1,13,1
53.0,117.0,2022-07-26,1.0,112,13:37:38,13:37:53,0:00:15,15.0,1,13,1
53.0,117.0,2022-07-26,1.0,113,13:40:53,13:41:08,0:00:15,15.0,1,13,1
53.0,117.0,2022-07-26,1.0,114,13:43:00,13:43:13,0:00:13,13.0,1,13,1
55.0,117.0,2022-07-28,1.0,101,06:37:10,06:38:15,0:01:05,65.0,3,6,1
55.0,117.0,2022-07-28,1.0,102,06:43:02,06:43:17,0:00:15,15.0,3,6,1
55.0,117.0,2022-07-28,1.0,103,06:56:45,06:58:31,0:01:46,106.0,3,6,1
55.0,117.0,2022-07-28,1.0,104,07:02:53,07:02:53,0:00:00,0.0,3,7,1
55.0,117.0,2022-07-28,1.0,105,07:04:57,07:05:12,0:00:15,15.0,3,7,1
55.0,117.0,2022-07-28,1.0,106,07:09:29,07:09:44,0:00:15,15.0,3,7,1
55.0,117.0,2022-07-28,1.0,107,07:10:45,07:11:00,0:00:15,15.0,3,7,1
55.0,117.0,2022-07-28,1.0,108,07:12:22,07:12:37,0:00:15,15.0,3,7,1
55.0,117.0,2022-07-28,1.0,109,07:13:18,07:14:45,0:01:27,87.0,3,7,1
55.0,117.0,2022-07-28,1.0,110,07:17:58,07:18:13,0:00:15,15.0,3,7,1
55.0,117.0,2022-07-28,1.0,111,07:22:52,07:23:07,0:00:15,15.0,3,7,1
55.0,117.0,2022-07-28,1.0,112,07:28:24,07:28:39,0:00:15,15.0,3,7,1
55.0,117.0,2022-07-28,1.0,113,07:33:04,07:33:19,0:00:15,15.0,3,7,1
55.0,117.0,2022-07-28,1.0,114,07:36:10,07:36:25,0:00:15,15.0,3,7,1
57.0,117.0,2022-07-28,1.0,101,13:57:09,13:57:24,0:00:15,15.0,3,13,1
57.0,117.0,2022-07-28,1.0,102,14:03:43,14:03:58,0:00:15,15.0,3,14,1
57.0,117.0,2022-07-28,1.0,103,14:54:42,14:55:22,0:00:40,40.0,3,14,1
57.0,117.0,2022-07-28,1.0,104,14:59:43,14:59:43,0:00:00,0.0,3,14,1
57.0,117.0,2022-07-28,1.0,105,15:03:52,15:04:07,0:00:15,15.0,3,15,1
57.0,117.0,2022-07-28,1.0,106,15:07:55,15:08:10,0:00:15,15.0,3,15,1
57.0,117.0,2022-07-28,1.0,107,15:09:21,15:09:36,0:00:15,15.0,3,15,1
57.0,117.0,2022-07-28,1.0,108,15:10:51,15:11:06,0:00:15,15.0,3,15,1
57.0,117.0,2022-07-28,1.0,109,15:11:50,15:12:05,0:00:15,15.0,3,15,1
57.0,117.0,2022-07-28,1.0,110,15:15:19,15:15:34,0:00:15,15.0,3,15,1
57.0,117.0,2022-07-28,1.0,111,15:18:16,15:18:25,0:00:09,9.0,3,15,1
57.0,117.0,2022-07-28,1.0,112,15:21:13,15:22:01,0:00:48,48.0,3,15,1
57.0,117.0,2022-07-28,1.0,113,15:24:41,15:24:56,0:00:15,15.0,3,15,1
57.0,117.0,2022-07-28,1.0,114,15:27:24,15:27:39,0:00:15,15.0,3,15,1
59.0,117.0,2022-08-01,1.0,101,06:23:02,06:23:17,0:00:15,15.0,0,6,1
59.0,117.0,2022-08-01,1.0,102,06:27:57,06:28:12,0:00:15,15.0,0,6,1
59.0,117.0,2022-08-01,1.0,103,06:36:00,06:36:15,0:00:15,15.0,0,6,1
59.0,117.0,2022-08-01,1.0,104,06:42:29,06:43:41,0:01:12,72.0,0,6,1
59.0,117.0,2022-08-01,1.0,105,06:48:20,06:53:17,0:04:57,297.0,0,6,1
59.0,117.0,2022-08-01,1.0,106,06:57:05,06:57:20,0:00:15,15.0,0,6,1
59.0,117.0,2022-08-01,1.0,107,06:58:27,06:58:42,0:00:15,15.0,0,6,1
59.0,117.0,2022-08-01,1.0,108,07:00:41,07:00:56,0:00:15,15.0,0,7,1
59.0,117.0,2022-08-01,1.0,109,07:01:31,07:02:36,0:01:05,65.0,0,7,1
59.0,117.0,2022-08-01,1.0,110,07:05:59,07:06:14,0:00:15,15.0,0,7,1
59.0,117.0,2022-08-01,1.0,111,07:11:11,07:11:26,0:00:15,15.0,0,7,1
59.0,117.0,2022-08-01,1.0,112,07:15:39,07:15:54,0:00:15,15.0,0,7,1
59.0,117.0,2022-08-01,1.0,113,07:19:52,07:20:07,0:00:15,15.0,0,7,1
59.0,117.0,2022-08-01,1.0,114,07:22:37,07:22:52,0:00:15,15.0,0,7,1
61.0,121.0,2022-07-02,1.0,103,05:08:50,05:09:05,0:00:15,15.0,5,5,0
61.0,121.0,2022-07-02,1.0,104,05:16:14,05:16:14,0:00:00,0.0,5,5,0
61.0,121.0,2022-07-02,1.0,105,05:17:44,05:17:44,0:00:00,0.0,5,5,0
61.0,121.0,2022-07-02,1.0,106,05:20:04,05:20:10,0:00:06,6.0,5,5,0
61.0,121.0,2022-07-02,1.0,107,05:20:40,05:20:40,0:00:00,0.0,5,5,0
61.0,121.0,2022-07-02,1.0,108,05:21:44,05:21:44,0:00:00,0.0,5,5,0
61.0,121.0,2022-07-02,1.0,109,05:22:24,05:22:39,0:00:15,15.0,5,5,0
61.0,121.0,2022-07-02,1.0,110,05:25:37,05:25:37,0:00:00,0.0,5,5,0
61.0,121.0,2022-07-02,1.0,111,05:27:31,05:27:31,0:00:00,0.0,5,5,0
61.0,121.0,2022-07-02,1.0,112,05:29:58,05:29:58,0:00:00,0.0,5,5,0
61.0,121.0,2022-07-02,1.0,113,05:50:49,06:06:24,0:15:35,935.0,5,5,0
61.0,121.0,2022-07-02,1.0,114,06:07:48,06:08:03,0:00:15,15.0,5,6,0
63.0,121.0,2022-07-02,1.0,101,07:50:43,07:51:32,0:00:49,49.0,5,7,0
63.0,121.0,2022-07-02,1.0,102,07:54:20,07:54:20,0:00:00,0.0,5,7,0
63.0,121.0,2022-07-02,1.0,103,08:00:54,08:01:09,0:00:15,15.0,5,8,0
63.0,121.0,2022-07-02,1.0,104,08:04:13,08:04:13,0:00:00,0.0,5,8,0
63.0,121.0,2022-07-02,1.0,105,08:06:26,08:06:41,0:00:15,15.0,5,8,0
63.0,121.0,2022-07-02,1.0,106,08:11:45,08:12:00,0:00:15,15.0,5,8,0
63.0,121.0,2022-07-02,1.0,107,08:13:00,08:13:15,0:00:15,15.0,5,8,0
63.0,121.0,2022-07-02,1.0,108,08:14:33,08:14:48,0:00:15,15.0,5,8,0
63.0,121.0,2022-07-02,1.0,109,08:15:18,08:19:37,0:04:19,259.0,5,8,0
63.0,121.0,2022-07-02,1.0,110,08:22:09,08:22:24,0:00:15,15.0,5,8,0
63.0,121.0,2022-07-02,1.0,111,08:27:53,08:28:08,0:00:15,15.0,5,8,0
63.0,121.0,2022-07-02,1.0,112,08:31:46,08:32:01,0:00:15,15.0,5,8,0
63.0,121.0,2022-07-02,1.0,113,08:34:37,08:34:52,0:00:15,15.0,5,8,0
63.0,121.0,2022-07-02,1.0,114,08:37:16,08:37:54,0:00:38,38.0,5,8,0
65.0,121.0,2022-07-02,1.0,101,12:37:32,12:37:47,0:00:15,15.0,5,12,0
65.0,121.0,2022-07-02,1.0,102,12:42:15,12:42:30,0:00:15,15.0,5,12,0
65.0,121.0,2022-07-02,1.0,103,12:49:39,12:49:54,0:00:15,15.0,5,12,0
65.0,121.0,2022-07-02,1.0,104,12:54:06,12:54:06,0:00:00,0.0,5,12,0
65.0,121.0,2022-07-02,1.0,105,12:56:37,12:56:52,0:00:15,15.0,5,12,0
65.0,121.0,2022-07-02,1.0,106,13:01:40,13:02:53,0:01:13,73.0,5,13,0
65.0,121.0,2022-07-02,1.0,107,13:03:55,13:04:10,0:00:15,15.0,5,13,0
65.0,121.0,2022-07-02,1.0,108,13:05:40,13:05:56,0:00:16,16.0,5,13,0
65.0,121.0,2022-07-02,1.0,109,13:06:32,13:08:29,0:01:57,117.0,5,13,0
65.0,121.0,2022-07-02,1.0,110,13:11:52,13:12:07,0:00:15,15.0,5,13,0
65.0,121.0,2022-07-02,1.0,111,13:17:20,13:17:35,0:00:15,15.0,5,13,0
65.0,121.0,2022-07-02,1.0,112,13:21:46,13:22:01,0:00:15,15.0,5,13,0
65.0,121.0,2022-07-02,1.0,113,13:24:47,13:25:18,0:00:31,31.0,5,13,0
65.0,121.0,2022-07-02,1.0,114,13:27:42,13:28:26,0:00:44,44.0,5,13,0
67.0,121.0,2022-07-02,1.0,101,15:39:52,15:40:07,0:00:15,15.0,5,15,0
67.0,121.0,2022-07-02,1.0,102,15:42:43,15:42:43,0:00:00,0.0,5,15,0
67.0,121.0,2022-07-02,1.0,103,15:49:25,15:49:40,0:00:15,15.0,5,15,0
67.0,121.0,2022-07-02,1.0,104,15:53:34,15:53:49,0:00:15,15.0,5,15,0
67.0,121.0,2022-07-02,1.0,105,15:55:49,15:56:04,0:00:15,15.0,5,15,0
67.0,121.0,2022-07-02,1.0,106,16:00:28,16:00:43,0:00:15,15.0,5,16,0
67.0,121.0,2022-07-02,1.0,107,16:01:25,16:01:40,0:00:15,15.0,5,16,0
67.0,121.0,2022-07-02,1.0,108,16:03:21,16:03:36,0:00:15,15.0,5,16,0
67.0,121.0,2022-07-02,1.0,109,16:03:57,16:04:12,0:00:15,15.0,5,16,0
67.0,121.0,2022-07-02,1.0,110,16:07:18,16:07:33,0:00:15,15.0,5,16,0
67.0,121.0,2022-07-02,1.0,111,16:10:48,16:11:03,0:00:15,15.0,5,16,0
67.0,121.0,2022-07-02,1.0,112,16:14:13,16:14:28,0:00:15,15.0,5,16,0
67.0,121.0,2022-07-02,1.0,113,16:17:08,16:17:23,0:00:15,15.0,5,16,0
67.0,121.0,2022-07-02,1.0,114,16:19:34,16:20:44,0:01:10,70.0,5,16,0
69.0,121.0,2022-07-03,1.0,101,08:07:35,08:07:50,0:00:15,15.0,6,8,0
69.0,121.0,2022-07-03,1.0,102,08:11:15,08:11:15,0:00:00,0.0,6,8,0
69.0,121.0,2022-07-03,1.0,103,08:19:10,08:19:25,0:00:15,15.0,6,8,0
69.0,121.0,2022-07-03,1.0,104,08:23:25,08:23:25,0:00:00,0.0,6,8,0
69.0,121.0,2022-07-03,1.0,105,08:25:50,08:26:05,0:00:15,15.0,6,8,0
69.0,121.0,2022-07-03,1.0,106,08:30:29,08:30:44,0:00:15,15.0,6,8,0
69.0,121.0,2022-07-03,1.0,107,08:31:38,08:31:53,0:00:15,15.0,6,8,0
69.0,121.0,2022-07-03,1.0,108,08:33:47,08:34:02,0:00:15,15.0,6,8,0
69.0,121.0,2022-07-03,1.0,109,08:34:36,08:34:51,0:00:15,15.0,6,8,0
69.0,121.0,2022-07-03,1.0,110,08:39:36,08:39:51,0:00:15,15.0,6,8,0
69.0,121.0,2022-07-03,1.0,111,08:43:14,08:43:27,0:00:13,13.0,6,8,0
69.0,121.0,2022-07-03,1.0,112,08:46:36,08:46:51,0:00:15,15.0,6,8,0
69.0,121.0,2022-07-03,1.0,113,08:49:12,08:49:27,0:00:15,15.0,6,8,0
69.0,121.0,2022-07-03,1.0,114,08:51:29,08:51:44,0:00:15,15.0,6,8,0
71.0,121.0,2022-07-03,1.0,101,11:31:49,11:32:04,0:00:15,15.0,6,11,0
71.0,121.0,2022-07-03,1.0,102,11:35:55,11:35:55,0:00:00,0.0,6,11,0
71.0,121.0,2022-07-03,1.0,103,11:44:05,11:44:20,0:00:15,15.0,6,11,0
71.0,121.0,2022-07-03,1.0,104,11:47:53,11:47:53,0:00:00,0.0,6,11,0
71.0,121.0,2022-07-03,1.0,105,11:50:25,11:50:40,0:00:15,15.0,6,11,0
71.0,121.0,2022-07-03,1.0,106,11:55:32,11:55:47,0:00:15,15.0,6,11,0
71.0,121.0,2022-07-03,1.0,107,11:57:06,11:57:21,0:00:15,15.0,6,11,0
71.0,121.0,2022-07-03,1.0,108,11:58:42,11:58:57,0:00:15,15.0,6,11,0
71.0,121.0,2022-07-03,1.0,109,11:59:36,11:59:51,0:00:15,15.0,6,11,0
71.0,121.0,2022-07-03,1.0,110,12:02:53,12:03:08,0:00:15,15.0,6,12,0
71.0,121.0,2022-07-03,1.0,111,12:08:22,12:08:37,0:00:15,15.0,6,12,0
71.0,121.0,2022-07-03,1.0,112,12:11:44,12:11:59,0:00:15,15.0,6,12,0
71.0,121.0,2022-07-03,1.0,113,12:15:40,12:15:55,0:00:15,15.0,6,12,0
71.0,121.0,2022-07-03,1.0,114,12:18:24,12:19:39,0:01:15,75.0,6,12,0
73.0,121.0,2022-07-03,1.0,101,13:48:15,13:48:30,0:00:15,15.0,6,13,0
73.0,121.0,2022-07-03,1.0,102,13:51:28,13:51:28,0:00:00,0.0,6,13,0
73.0,121.0,2022-07-03,1.0,103,13:59:02,13:59:17,0:00:15,15.0,6,13,0
73.0,121.0,2022-07-03,1.0,104,14:03:03,14:03:03,0:00:00,0.0,6,14,0
73.0,121.0,2022-07-03,1.0,105,14:05:33,14:05:48,0:00:15,15.0,6,14,0
73.0,121.0,2022-07-03,1.0,106,14:09:24,14:10:08,0:00:44,44.0,6,14,0
73.0,121.0,2022-07-03,1.0,107,14:10:48,14:11:03,0:00:15,15.0,6,14,0
73.0,121.0,2022-07-03,1.0,108,14:12:47,14:13:02,0:00:15,15.0,6,14,0
73.0,121.0,2022-07-03,1.0,109,14:13:46,14:14:01,0:00:15,15.0,6,14,0
73.0,121.0,2022-07-03,1.0,110,14:17:11,14:17:26,0:00:15,15.0,6,14,0
73.0,121.0,2022-07-03,1.0,111,14:20:11,14:20:26,0:00:15,15.0,6,14,0
73.0,121.0,2022-07-03,1.0,112,14:23:23,14:23:29,0:00:06,6.0,6,14,0
73.0,121.0,2022-07-03,1.0,113,14:26:17,14:27:32,0:01:15,75.0,6,14,0
73.0,121.0,2022-07-03,1.0,114,14:29:44,14:29:59,0:00:15,15.0,6,14,0
75.0,121.0,2022-07-06,1.0,101,08:21:38,08:21:53,0:00:15,15.0,2,8,1
75.0,121.0,2022-07-06,1.0,102,08:25:08,08:25:54,0:00:46,46.0,2,8,1
75.0,121.0,2022-07-06,1.0,103,08:32:49,08:32:53,0:00:04,4.0,2,8,1
75.0,121.0,2022-07-06,1.0,104,08:35:41,08:35:41,0:00:00,0.0,2,8,1
75.0,121.0,2022-07-06,1.0,105,08:36:58,08:37:20,0:00:22,22.0,2,8,1
75.0,121.0,2022-07-06,1.0,106,08:47:52,08:48:07,0:00:15,15.0,2,8,1
75.0,121.0,2022-07-06,1.0,107,08:48:51,08:49:06,0:00:15,15.0,2,8,1
75.0,121.0,2022-07-06,1.0,108,08:50:27,08:50:42,0:00:15,15.0,2,8,1
75.0,121.0,2022-07-06,1.0,109,08:51:10,08:51:25,0:00:15,15.0,2,8,1
75.0,121.0,2022-07-06,1.0,110,08:54:18,08:54:33,0:00:15,15.0,2,8,1
75.0,121.0,2022-07-06,1.0,111,08:59:22,08:59:37,0:00:15,15.0,2,8,1
75.0,121.0,2022-07-06,1.0,112,09:02:26,09:02:26,0:00:00,0.0,2,9,1
75.0,121.0,2022-07-06,1.0,113,09:05:39,09:05:54,0:00:15,15.0,2,9,1
75.0,121.0,2022-07-06,1.0,114,09:07:51,09:08:06,0:00:15,15.0,2,9,1
1.0,116.0,2022-07-01,2.0,201,06:57:49,06:58:19,0:00:30,30.0,4,6,1
1.0,116.0,2022-07-01,2.0,202,07:00:12,07:01:12,0:01:00,60.0,4,7,1
1.0,116.0,2022-07-01,2.0,203,07:04:19,07:04:34,0:00:15,15.0,4,7,1
1.0,116.0,2022-07-01,2.0,204,07:07:18,07:07:33,0:00:15,15.0,4,7,1
1.0,116.0,2022-07-01,2.0,205,07:10:57,07:11:20,0:00:23,23.0,4,7,1
1.0,116.0,2022-07-01,2.0,206,07:12:48,07:13:48,0:01:00,60.0,4,7,1
1.0,116.0,2022-07-01,2.0,207,07:14:39,07:14:54,0:00:15,15.0,4,7,1
1.0,116.0,2022-07-01,2.0,208,07:17:17,07:17:32,0:00:15,15.0,4,7,1
1.0,116.0,2022-07-01,2.0,209,07:21:09,07:21:39,0:00:30,30.0,4,7,1
1.0,116.0,2022-07-01,2.0,210,07:28:21,07:28:36,0:00:15,15.0,4,7,1
1.0,116.0,2022-07-01,2.0,211,07:29:21,07:29:21,0:00:00,0.0,4,7,1
1.0,116.0,2022-07-01,2.0,212,07:33:24,07:33:39,0:00:15,15.0,4,7,1
1.0,116.0,2022-07-01,2.0,213,07:37:03,07:37:03,0:00:00,0.0,4,7,1
3.0,116.0,2022-07-01,2.0,201,10:55:08,10:55:08,0:00:00,0.0,4,10,1
3.0,116.0,2022-07-01,2.0,202,10:57:46,10:58:16,0:00:30,30.0,4,10,1
3.0,116.0,2022-07-01,2.0,203,11:03:04,11:03:19,0:00:15,15.0,4,11,1
3.0,116.0,2022-07-01,2.0,204,11:06:45,11:07:00,0:00:15,15.0,4,11,1
3.0,116.0,2022-07-01,2.0,205,11:10:31,11:11:01,0:00:30,30.0,4,11,1
3.0,116.0,2022-07-01,2.0,206,11:13:12,11:16:26,0:03:14,194.0,4,11,1
3.0,116.0,2022-07-01,2.0,207,11:17:34,11:18:10,0:00:36,36.0,4,11,1
3.0,116.0,2022-07-01,2.0,208,11:20:47,11:21:02,0:00:15,15.0,4,11,1
3.0,116.0,2022-07-01,2.0,209,11:24:47,11:25:17,0:00:30,30.0,4,11,1
3.0,116.0,2022-07-01,2.0,210,11:33:00,11:33:15,0:00:15,15.0,4,11,1
3.0,116.0,2022-07-01,2.0,211,11:34:30,11:34:55,0:00:25,25.0,4,11,1
3.0,116.0,2022-07-01,2.0,212,11:37:46,11:37:46,0:00:00,0.0,4,11,1
3.0,116.0,2022-07-01,2.0,213,11:41:01,11:41:16,0:00:15,15.0,4,11,1
5.0,116.0,2022-07-01,2.0,201,15:27:00,15:27:45,0:00:45,45.0,4,15,1
5.0,116.0,2022-07-01,2.0,202,15:31:19,15:32:04,0:00:45,45.0,4,15,1
5.0,116.0,2022-07-01,2.0,203,15:35:49,15:36:19,0:00:30,30.0,4,15,1
5.0,116.0,2022-07-01,2.0,204,15:39:16,15:39:16,0:00:00,0.0,4,15,1
5.0,116.0,2022-07-01,2.0,205,15:42:59,15:43:44,0:00:45,45.0,4,15,1
5.0,116.0,2022-07-01,2.0,206,15:45:46,15:46:24,0:00:38,38.0,4,15,1
5.0,116.0,2022-07-01,2.0,207,15:47:09,15:47:24,0:00:15,15.0,4,15,1
5.0,116.0,2022-07-01,2.0,208,15:49:59,15:49:59,0:00:00,0.0,4,15,1
5.0,116.0,2022-07-01,2.0,209,15:54:19,15:54:49,0:00:30,30.0,4,15,1
5.0,116.0,2022-07-01,2.0,210,16:01:46,16:01:46,0:00:00,0.0,4,16,1
5.0,116.0,2022-07-01,2.0,211,16:03:11,16:03:11,0:00:00,0.0,4,16,1
5.0,116.0,2022-07-01,2.0,212,16:07:54,16:08:09,0:00:15,15.0,4,16,1
5.0,116.0,2022-07-01,2.0,213,16:11:48,16:11:48,0:00:00,0.0,4,16,1
7.0,116.0,2022-07-05,2.0,201,09:10:04,09:10:34,0:00:30,30.0,1,9,1
7.0,116.0,2022-07-05,2.0,202,09:13:19,09:15:19,0:02:00,120.0,1,9,1
7.0,116.0,2022-07-05,2.0,203,09:18:46,09:19:01,0:00:15,15.0,1,9,1
7.0,116.0,2022-07-05,2.0,204,09:22:07,09:22:22,0:00:15,15.0,1,9,1
7.0,116.0,2022-07-05,2.0,205,09:25:57,09:26:57,0:01:00,60.0,1,9,1
7.0,116.0,2022-07-05,2.0,206,09:29:14,09:29:56,0:00:42,42.0,1,9,1
7.0,116.0,2022-07-05,2.0,207,09:30:41,09:30:56,0:00:15,15.0,1,9,1
7.0,116.0,2022-07-05,2.0,208,09:33:23,09:33:38,0:00:15,15.0,1,9,1
7.0,116.0,2022-07-05,2.0,209,09:36:40,09:37:55,0:01:15,75.0,1,9,1
7.0,116.0,2022-07-05,2.0,210,09:43:40,09:43:55,0:00:15,15.0,1,9,1
7.0,116.0,2022-07-05,2.0,211,09:44:55,09:45:25,0:00:30,30.0,1,9,1
7.0,116.0,2022-07-05,2.0,212,09:49:20,09:49:50,0:00:30,30.0,1,9,1
7.0,116.0,2022-07-05,2.0,213,09:52:20,09:52:35,0:00:15,15.0,1,9,1
9.0,116.0,2022-07-05,2.0,201,14:58:00,14:58:30,0:00:30,30.0,1,14,1
9.0,116.0,2022-07-05,2.0,202,15:01:59,15:03:14,0:01:15,75.0,1,15,1
9.0,116.0,2022-07-05,2.0,203,15:07:29,15:08:29,0:01:00,60.0,1,15,1
9.0,116.0,2022-07-05,2.0,204,15:13:25,15:13:40,0:00:15,15.0,1,15,1
9.0,116.0,2022-07-05,2.0,205,15:20:05,15:20:42,0:00:37,37.0,1,15,1
9.0,116.0,2022-07-05,2.0,206,15:23:53,15:24:08,0:00:15,15.0,1,15,1
9.0,116.0,2022-07-05,2.0,207,15:24:38,15:24:38,0:00:00,0.0,1,15,1
9.0,116.0,2022-07-05,2.0,208,15:27:09,15:27:39,0:00:30,30.0,1,15,1
9.0,116.0,2022-07-05,2.0,209,15:32:05,15:32:50,0:00:45,45.0,1,15,1
9.0,116.0,2022-07-05,2.0,210,15:39:42,15:40:12,0:00:30,30.0,1,15,1
9.0,116.0,2022-07-05,2.0,211,15:40:57,15:40:57,0:00:00,0.0,1,15,1
9.0,116.0,2022-07-05,2.0,212,15:44:28,15:44:43,0:00:15,15.0,1,15,1
9.0,116.0,2022-07-05,2.0,213,15:47:23,15:47:23,0:00:00,0.0,1,15,1
11.0,116.0,2022-07-06,2.0,201,08:16:32,08:17:47,0:01:15,75.0,2,8,1
11.0,116.0,2022-07-06,2.0,202,08:20:17,08:21:17,0:01:00,60.0,2,8,1
11.0,116.0,2022-07-06,2.0,203,08:26:02,08:26:02,0:00:00,0.0,2,8,1
11.0,116.0,2022-07-06,2.0,204,08:30:54,08:30:54,0:00:00,0.0,2,8,1
11.0,116.0,2022-07-06,2.0,205,08:34:57,08:35:27,0:00:30,30.0,2,8,1
11.0,116.0,2022-07-06,2.0,206,08:37:01,08:37:29,0:00:28,28.0,2,8,1
11.0,116.0,2022-07-06,2.0,207,08:37:59,08:37:59,0:00:00,0.0,2,8,1
11.0,116.0,2022-07-06,2.0,208,08:40:35,08:41:05,0:00:30,30.0,2,8,1
11.0,116.0,2022-07-06,2.0,209,08:44:12,08:44:42,0:00:30,30.0,2,8,1
11.0,116.0,2022-07-06,2.0,210,08:52:04,08:52:34,0:00:30,30.0,2,8,1
11.0,116.0,2022-07-06,2.0,211,08:53:04,08:53:04,0:00:00,0.0,2,8,1
11.0,116.0,2022-07-06,2.0,212,08:56:22,08:56:22,0:00:00,0.0,2,8,1
11.0,116.0,2022-07-06,2.0,213,08:58:58,08:58:58,0:00:00,0.0,2,8,1
13.0,116.0,2022-07-06,2.0,201,11:41:28,11:41:58,0:00:30,30.0,2,11,1
13.0,116.0,2022-07-06,2.0,202,11:44:46,11:47:28,0:02:42,162.0,2,11,1
13.0,116.0,2022-07-06,2.0,203,11:51:24,11:51:39,0:00:15,15.0,2,11,1
13.0,116.0,2022-07-06,2.0,204,11:55:21,11:55:51,0:00:30,30.0,2,11,1
13.0,116.0,2022-07-06,2.0,205,12:00:03,12:00:18,0:00:15,15.0,2,12,1
13.0,116.0,2022-07-06,2.0,206,12:02:16,12:03:31,0:01:15,75.0,2,12,1
13.0,116.0,2022-07-06,2.0,207,12:04:28,12:04:43,0:00:15,15.0,2,12,1
13.0,116.0,2022-07-06,2.0,208,12:07:32,12:08:17,0:00:45,45.0,2,12,1
13.0,116.0,2022-07-06,2.0,209,12:12:10,12:12:40,0:00:30,30.0,2,12,1
13.0,116.0,2022-07-06,2.0,210,12:18:04,12:18:04,0:00:00,0.0,2,12,1
13.0,116.0,2022-07-06,2.0,211,12:19:27,12:19:57,0:00:30,30.0,2,12,1
13.0,116.0,2022-07-06,2.0,212,12:23:20,12:23:35,0:00:15,15.0,2,12,1
13.0,116.0,2022-07-06,2.0,213,12:26:13,12:26:28,0:00:15,15.0,2,12,1
15.0,116.0,2022-07-06,2.0,201,15:41:42,15:42:27,0:00:45,45.0,2,15,1
15.0,116.0,2022-07-06,2.0,202,15:45:12,15:46:12,0:01:00,60.0,2,15,1
15.0,116.0,2022-07-06,2.0,203,15:50:12,15:50:27,0:00:15,15.0,2,15,1
15.0,116.0,2022-07-06,2.0,204,15:55:27,15:55:42,0:00:15,15.0,2,15,1
15.0,116.0,2022-07-06,2.0,205,16:00:02,16:01:32,0:01:30,90.0,2,16,1
15.0,116.0,2022-07-06,2.0,206,16:03:56,16:04:56,0:01:00,60.0,2,16,1
15.0,116.0,2022-07-06,2.0,207,16:05:49,16:05:49,0:00:00,0.0,2,16,1
15.0,116.0,2022-07-06,2.0,208,16:08:34,16:12:47,0:04:13,253.0,2,16,1
15.0,116.0,2022-07-06,2.0,209,16:17:24,16:18:39,0:01:15,75.0,2,16,1
15.0,116.0,2022-07-06,2.0,210,16:26:31,16:26:46,0:00:15,15.0,2,16,1
15.0,116.0,2022-07-06,2.0,211,16:27:51,16:28:20,0:00:29,29.0,2,16,1
15.0,116.0,2022-07-06,2.0,212,16:31:35,16:31:50,0:00:15,15.0,2,16,1
15.0,116.0,2022-07-06,2.0,213,16:34:15,16:34:15,0:00:00,0.0,2,16,1
17.0,116.0,2022-07-08,2.0,201,05:44:14,05:44:29,0:00:15,15.0,4,5,1
17.0,116.0,2022-07-08,2.0,202,05:46:06,05:47:21,0:01:15,75.0,4,5,1
17.0,116.0,2022-07-08,2.0,203,05:50:21,05:50:21,0:00:00,0.0,4,5,1
17.0,116.0,2022-07-08,2.0,204,05:52:20,05:52:20,0:00:00,0.0,4,5,1
17.0,116.0,2022-07-08,2.0,205,05:55:30,05:55:30,0:00:00,0.0,4,5,1
17.0,116.0,2022-07-08,2.0,206,05:57:41,05:58:26,0:00:45,45.0,4,5,1
17.0,116.0,2022-07-08,2.0,207,05:59:11,05:59:26,0:00:15,15.0,4,5,1
17.0,116.0,2022-07-08,2.0,208,06:01:05,06:01:05,0:00:00,0.0,4,6,1
17.0,116.0,2022-07-08,2.0,209,06:03:58,06:03:58,0:00:00,0.0,4,6,1
17.0,116.0,2022-07-08,2.0,210,06:09:13,06:09:13,0:00:00,0.0,4,6,1
17.0,116.0,2022-07-08,2.0,211,06:10:21,06:10:21,0:00:00,0.0,4,6,1
17.0,116.0,2022-07-08,2.0,212,06:13:53,06:14:23,0:00:30,30.0,4,6,1
17.0,116.0,2022-07-08,2.0,213,06:17:23,06:17:38,0:00:15,15.0,4,6,1
19.0,117.0,2022-07-04,2.0,201,09:04:52,09:05:07,0:00:15,15.0,0,9,1
19.0,117.0,2022-07-04,2.0,202,09:07:35,09:07:50,0:00:15,15.0,0,9,1
19.0,117.0,2022-07-04,2.0,203,09:10:43,09:10:58,0:00:15,15.0,0,9,1
19.0,117.0,2022-07-04,2.0,204,09:13:57,09:14:12,0:00:15,15.0,0,9,1
19.0,117.0,2022-07-04,2.0,205,09:18:19,09:19:18,0:00:59,59.0,0,9,1
19.0,117.0,2022-07-04,2.0,206,09:22:38,09:22:53,0:00:15,15.0,0,9,1
19.0,117.0,2022-07-04,2.0,207,09:24:43,09:25:12,0:00:29,29.0,0,9,1
19.0,117.0,2022-07-04,2.0,208,09:27:29,09:27:44,0:00:15,15.0,0,9,1
19.0,117.0,2022-07-04,2.0,209,09:30:51,09:31:06,0:00:15,15.0,0,9,1
19.0,117.0,2022-07-04,2.0,210,09:37:19,09:37:34,0:00:15,15.0,0,9,1
19.0,117.0,2022-07-04,2.0,211,09:38:28,09:38:43,0:00:15,15.0,0,9,1
19.0,117.0,2022-07-04,2.0,212,09:42:44,09:42:55,0:00:11,11.0,0,9,1
19.0,117.0,2022-07-04,2.0,213,09:45:43,09:45:58,0:00:15,15.0,0,9,1
21.0,117.0,2022-07-04,2.0,201,12:37:26,12:38:23,0:00:57,57.0,0,12,1
21.0,117.0,2022-07-04,2.0,202,12:40:28,12:40:43,0:00:15,15.0,0,12,1
21.0,117.0,2022-07-04,2.0,203,12:44:39,12:44:54,0:00:15,15.0,0,12,1
21.0,117.0,2022-07-04,2.0,204,12:49:04,12:49:19,0:00:15,15.0,0,12,1
21.0,117.0,2022-07-04,2.0,205,12:53:22,12:54:00,0:00:38,38.0,0,12,1
21.0,117.0,2022-07-04,2.0,206,12:57:12,12:58:29,0:01:17,77.0,0,12,1
21.0,117.0,2022-07-04,2.0,207,12:59:21,12:59:36,0:00:15,15.0,0,12,1
21.0,117.0,2022-07-04,2.0,208,13:02:45,13:03:00,0:00:15,15.0,0,13,1
21.0,117.0,2022-07-04,2.0,209,13:07:07,13:07:22,0:00:15,15.0,0,13,1
21.0,117.0,2022-07-04,2.0,210,13:15:27,13:16:14,0:00:47,47.0,0,13,1
21.0,117.0,2022-07-04,2.0,211,13:17:26,13:17:41,0:00:15,15.0,0,13,1
21.0,117.0,2022-07-04,2.0,212,13:22:25,13:22:40,0:00:15,15.0,0,13,1
21.0,117.0,2022-07-04,2.0,213,13:26:13,13:26:13,0:00:00,0.0,0,13,1
23.0,117.0,2022-07-04,2.0,201,16:00:30,16:01:11,0:00:41,41.0,0,16,1
23.0,117.0,2022-07-04,2.0,202,16:03:24,16:03:39,0:00:15,15.0,0,16,1
23.0,117.0,2022-07-04,2.0,203,16:08:14,16:08:29,0:00:15,15.0,0,16,1
23.0,117.0,2022-07-04,2.0,204,16:13:02,16:13:17,0:00:15,15.0,0,16,1
23.0,117.0,2022-07-04,2.0,205,16:18:37,16:18:52,0:00:15,15.0,0,16,1
23.0,117.0,2022-07-04,2.0,206,16:21:44,16:23:02,0:01:18,78.0,0,16,1
23.0,117.0,2022-07-04,2.0,207,16:23:48,16:24:03,0:00:15,15.0,0,16,1
23.0,117.0,2022-07-04,2.0,208,16:27:14,16:27:29,0:00:15,15.0,0,16,1
23.0,117.0,2022-07-04,2.0,209,16:32:17,16:32:32,0:00:15,15.0,0,16,1
23.0,117.0,2022-07-04,2.0,210,16:41:13,16:41:28,0:00:15,15.0,0,16,1
23.0,117.0,2022-07-04,2.0,211,16:42:45,16:42:45,0:00:00,0.0,0,16,1
23.0,117.0,2022-07-04,2.0,212,16:47:20,16:47:35,0:00:15,15.0,0,16,1
23.0,117.0,2022-07-04,2.0,213,16:50:57,16:50:57,0:00:00,0.0,0,16,1
25.0,117.0,2022-07-05,2.0,201,10:07:15,10:08:13,0:00:58,58.0,1,10,1
25.0,117.0,2022-07-05,2.0,202,10:10:20,10:10:35,0:00:15,15.0,1,10,1
25.0,117.0,2022-07-05,2.0,203,10:14:50,10:15:05,0:00:15,15.0,1,10,1
25.0,117.0,2022-07-05,2.0,204,10:18:27,10:18:42,0:00:15,15.0,1,10,1
25.0,117.0,2022-07-05,2.0,205,10:22:38,10:23:07,0:00:29,29.0,1,10,1
25.0,117.0,2022-07-05,2.0,206,10:25:40,10:25:55,0:00:15,15.0,1,10,1
25.0,117.0,2022-07-05,2.0,207,10:27:28,10:27:43,0:00:15,15.0,1,10,1
25.0,117.0,2022-07-05,2.0,208,10:30:32,10:30:47,0:00:15,15.0,1,10,1
25.0,117.0,2022-07-05,2.0,209,10:34:57,10:35:51,0:00:54,54.0,1,10,1
25.0,117.0,2022-07-05,2.0,210,10:43:38,10:43:53,0:00:15,15.0,1,10,1
25.0,117.0,2022-07-05,2.0,211,10:45:17,10:45:17,0:00:00,0.0,1,10,1
25.0,117.0,2022-07-05,2.0,212,10:49:55,10:50:10,0:00:15,15.0,1,10,1
25.0,117.0,2022-07-05,2.0,213,10:53:20,10:53:20,0:00:00,0.0,1,10,1
27.0,117.0,2022-07-05,2.0,201,16:36:31,16:37:10,0:00:39,39.0,1,16,1
27.0,117.0,2022-07-05,2.0,202,16:39:25,16:39:40,0:00:15,15.0,1,16,1
27.0,117.0,2022-07-05,2.0,203,16:44:35,16:44:50,0:00:15,15.0,1,16,1
27.0,117.0,2022-07-05,2.0,204,16:47:54,16:48:09,0:00:15,15.0,1,16,1
27.0,117.0,2022-07-05,2.0,205,16:53:09,16:53:24,0:00:15,15.0,1,16,1
27.0,117.0,2022-07-05,2.0,206,16:56:44,16:56:59,0:00:15,15.0,1,16,1
27.0,117.0,2022-07-05,2.0,207,16:58:19,16:58:34,0:00:15,15.0,1,16,1
27.0,117.0,2022-07-05,2.0,208,17:01:27,17:01:27,0:00:00,0.0,1,17,1
27.0,117.0,2022-07-05,2.0,209,17:05:30,17:05:45,0:00:15,15.0,1,17,1
27.0,117.0,2022-07-05,2.0,210,17:11:57,17:12:12,0:00:15,15.0,1,17,1
27.0,117.0,2022-07-05,2.0,211,17:13:03,17:13:18,0:00:15,15.0,1,17,1
27.0,117.0,2022-07-05,2.0,212,17:16:42,17:17:18,0:00:36,36.0,1,17,1
27.0,117.0,2022-07-05,2.0,213,17:20:13,17:20:26,0:00:13,13.0,1,17,1
29.0,117.0,2022-07-06,2.0,201,16:51:02,16:51:31,0:00:29,29.0,2,16,1
29.0,117.0,2022-07-06,2.0,202,16:54:38,16:59:15,0:04:37,277.0,2,16,1
29.0,117.0,2022-07-06,2.0,203,17:02:59,17:03:14,0:00:15,15.0,2,17,1
29.0,117.0,2022-07-06,2.0,204,17:07:02,17:07:17,0:00:15,15.0,2,17,1
29.0,117.0,2022-07-06,2.0,205,17:14:06,17:14:32,0:00:26,26.0,2,17,1
29.0,117.0,2022-07-06,2.0,206,17:17:28,17:17:43,0:00:15,15.0,2,17,1
29.0,117.0,2022-07-06,2.0,207,17:18:55,17:19:10,0:00:15,15.0,2,17,1
29.0,117.0,2022-07-06,2.0,208,17:21:31,17:21:46,0:00:15,15.0,2,17,1
29.0,117.0,2022-07-06,2.0,209,17:25:51,17:26:06,0:00:15,15.0,2,17,1
29.0,117.0,2022-07-06,2.0,210,17:34:12,17:34:27,0:00:15,15.0,2,17,1
29.0,117.0,2022-07-06,2.0,211,17:35:43,17:36:11,0:00:28,28.0,2,17,1
29.0,117.0,2022-07-06,2.0,212,17:39:08,17:39:23,0:00:15,15.0,2,17,1
29.0,117.0,2022-07-06,2.0,213,17:41:52,17:41:52,0:00:00,0.0,2,17,1
31.0,117.0,2022-07-08,2.0,201,10:49:28,10:49:43,0:00:15,15.0,4,10,1
31.0,117.0,2022-07-08,2.0,202,10:52:40,10:52:55,0:00:15,15.0,4,10,1
31.0,117.0,2022-07-08,2.0,203,10:56:08,10:56:23,0:00:15,15.0,4,10,1
31.0,117.0,2022-07-08,2.0,204,10:59:11,10:59:26,0:00:15,15.0,4,10,1
31.0,117.0,2022-07-08,2.0,205,11:04:32,11:04:47,0:00:15,15.0,4,11,1
31.0,117.0,2022-07-08,2.0,206,11:07:12,11:07:12,0:00:00,0.0,4,11,1
31.0,117.0,2022-07-08,2.0,207,11:09:10,11:09:16,0:00:06,6.0,4,11,1
31.0,117.0,2022-07-08,2.0,208,11:11:10,11:11:18,0:00:08,8.0,4,11,1
31.0,117.0,2022-07-08,2.0,209,11:14:11,11:14:26,0:00:15,15.0,4,11,1
31.0,117.0,2022-07-08,2.0,210,11:22:38,11:22:53,0:00:15,15.0,4,11,1
31.0,117.0,2022-07-08,2.0,211,11:23:56,11:24:11,0:00:15,15.0,4,11,1
31.0,117.0,2022-07-08,2.0,212,11:27:58,11:28:13,0:00:15,15.0,4,11,1
31.0,117.0,2022-07-08,2.0,213,11:31:02,11:31:17,0:00:15,15.0,4,11,1
32.0,117.0,2022-07-14,2.0,201,09:22:05,09:22:42,0:00:37,37.0,3,9,1
32.0,117.0,2022-07-14,2.0,202,09:25:01,09:25:16,0:00:15,15.0,3,9,1
32.0,117.0,2022-07-14,2.0,203,09:29:39,09:29:54,0:00:15,15.0,3,9,1
32.0,117.0,2022-07-14,2.0,204,09:34:26,09:34:41,0:00:15,15.0,3,9,1
32.0,117.0,2022-07-14,2.0,205,09:39:33,09:39:48,0:00:15,15.0,3,9,1
32.0,117.0,2022-07-14,2.0,206,09:42:56,09:43:51,0:00:55,55.0,3,9,1
32.0,117.0,2022-07-14,2.0,207,09:44:40,09:44:55,0:00:15,15.0,3,9,1
32.0,117.0,2022-07-14,2.0,208,09:47:47,09:47:47,0:00:00,0.0,3,9,1
32.0,117.0,2022-07-14,2.0,209,09:51:52,09:52:07,0:00:15,15.0,3,9,1
32.0,117.0,2022-07-14,2.0,210,09:59:06,09:59:21,0:00:15,15.0,3,9,1
32.0,117.0,2022-07-14,2.0,211,10:00:25,10:00:34,0:00:09,9.0,3,10,1
32.0,117.0,2022-07-14,2.0,212,10:04:06,10:04:17,0:00:11,11.0,3,10,1
32.0,117.0,2022-07-14,2.0,213,10:06:59,10:07:08,0:00:09,9.0,3,10,1
34.0,117.0,2022-07-19,2.0,201,11:44:08,11:44:23,0:00:15,15.0,1,11,1
34.0,117.0,2022-07-19,2.0,202,11:47:05,11:47:20,0:00:15,15.0,1,11,1
34.0,117.0,2022-07-19,2.0,203,11:51:18,11:51:33,0:00:15,15.0,1,11,1
34.0,117.0,2022-07-19,2.0,204,11:56:42,11:56:57,0:00:15,15.0,1,11,1
34.0,117.0,2022-07-19,2.0,205,12:02:38,12:02:53,0:00:15,15.0,1,12,1
34.0,117.0,2022-07-19,2.0,206,12:05:32,12:05:47,0:00:15,15.0,1,12,1
34.0,117.0,2022-07-19,2.0,207,12:08:43,12:08:43,0:00:00,0.0,1,12,1
34.0,117.0,2022-07-19,2.0,208,12:11:45,12:12:00,0:00:15,15.0,1,12,1
34.0,117.0,2022-07-19,2.0,209,12:16:45,12:17:00,0:00:15,15.0,1,12,1
34.0,117.0,2022-07-19,2.0,210,12:26:30,12:26:45,0:00:15,15.0,1,12,1
34.0,117.0,2022-07-19,2.0,211,12:27:52,12:28:07,0:00:15,15.0,1,12,1
34.0,117.0,2022-07-19,2.0,212,12:31:58,12:32:13,0:00:15,15.0,1,12,1
34.0,117.0,2022-07-19,2.0,213,12:35:09,12:35:09,0:00:00,0.0,1,12,1
36.0,117.0,2022-07-19,2.0,201,15:24:00,15:24:37,0:00:37,37.0,1,15,1
36.0,117.0,2022-07-19,2.0,202,15:26:20,15:26:35,0:00:15,15.0,1,15,1
36.0,117.0,2022-07-19,2.0,203,15:33:39,15:33:39,0:00:00,0.0,1,15,1
36.0,117.0,2022-07-19,2.0,204,15:37:16,15:37:31,0:00:15,15.0,1,15,1
36.0,117.0,2022-07-19,2.0,205,15:43:19,15:44:19,0:01:00,60.0,1,15,1
36.0,117.0,2022-07-19,2.0,206,15:47:11,15:48:02,0:00:51,51.0,1,15,1
36.0,117.0,2022-07-19,2.0,207,15:48:47,15:49:49,0:01:02,62.0,1,15,1
36.0,117.0,2022-07-19,2.0,208,15:52:32,15:52:47,0:00:15,15.0,1,15,1
36.0,117.0,2022-07-19,2.0,209,15:57:56,15:58:11,0:00:15,15.0,1,15,1
36.0,117.0,2022-07-19,2.0,210,16:07:30,16:07:45,0:00:15,15.0,1,16,1
36.0,117.0,2022-07-19,2.0,211,16:08:57,16:08:57,0:00:00,0.0,1,16,1
36.0,117.0,2022-07-19,2.0,212,16:13:15,16:13:30,0:00:15,15.0,1,16,1
36.0,117.0,2022-07-19,2.0,213,16:17:22,16:17:22,0:00:00,0.0,1,16,1
38.0,117.0,2022-07-23,2.0,201,09:38:47,09:39:29,0:00:42,42.0,5,9,0
38.0,117.0,2022-07-23,2.0,202,09:41:23,09:42:28,0:01:05,65.0,5,9,0
38.0,117.0,2022-07-23,2.0,203,09:45:29,09:45:44,0:00:15,15.0,5,9,0
38.0,117.0,2022-07-23,2.0,204,09:49:35,09:49:50,0:00:15,15.0,5,9,0
38.0,117.0,2022-07-23,2.0,205,09:55:18,09:55:33,0:00:15,15.0,5,9,0
38.0,117.0,2022-07-23,2.0,206,09:58:50,09:59:05,0:00:15,15.0,5,9,0
38.0,117.0,2022-07-23,2.0,207,10:00:23,10:01:11,0:00:48,48.0,5,10,0
38.0,117.0,2022-07-23,2.0,208,10:03:42,10:03:57,0:00:15,15.0,5,10,0
38.0,117.0,2022-07-23,2.0,209,10:09:44,10:09:59,0:00:15,15.0,5,10,0
38.0,117.0,2022-07-23,2.0,210,10:31:35,10:38:12,0:06:37,397.0,5,10,0
38.0,117.0,2022-07-23,2.0,211,10:42:03,10:42:53,0:00:50,50.0,5,10,0
38.0,117.0,2022-07-23,2.0,212,10:46:34,10:46:49,0:00:15,15.0,5,10,0
38.0,117.0,2022-07-23,2.0,213,10:49:37,10:49:37,0:00:00,0.0,5,10,0
40.0,117.0,2022-07-23,2.0,201,14:42:56,14:43:11,0:00:15,15.0,5,14,0
40.0,117.0,2022-07-23,2.0,202,14:45:41,14:45:56,0:00:15,15.0,5,14,0
40.0,117.0,2022-07-23,2.0,203,14:49:10,14:49:25,0:00:15,15.0,5,14,0
40.0,117.0,2022-07-23,2.0,204,14:53:09,14:53:24,0:00:15,15.0,5,14,0
40.0,117.0,2022-07-23,2.0,205,14:58:36,14:58:51,0:00:15,15.0,5,14,0
40.0,117.0,2022-07-23,2.0,206,15:04:21,15:05:19,0:00:58,58.0,5,15,0
40.0,117.0,2022-07-23,2.0,207,15:06:17,15:06:32,0:00:15,15.0,5,15,0
40.0,117.0,2022-07-23,2.0,208,15:18:27,15:19:58,0:01:31,91.0,5,15,0
40.0,117.0,2022-07-23,2.0,209,15:24:01,15:24:16,0:00:15,15.0,5,15,0
40.0,117.0,2022-07-23,2.0,210,15:32:40,15:33:32,0:00:52,52.0,5,15,0
40.0,117.0,2022-07-23,2.0,211,15:34:25,15:35:16,0:00:51,51.0,5,15,0
40.0,117.0,2022-07-23,2.0,212,15:38:25,15:38:40,0:00:15,15.0,5,15,0
40.0,117.0,2022-07-23,2.0,213,15:41:39,15:41:54,0:00:15,15.0,5,15,0
42.0,117.0,2022-07-24,2.0,201,08:33:44,08:33:59,0:00:15,15.0,6,8,0
42.0,117.0,2022-07-24,2.0,202,08:36:51,08:37:06,0:00:15,15.0,6,8,0
42.0,117.0,2022-07-24,2.0,203,08:41:40,08:42:19,0:00:39,39.0,6,8,0
42.0,117.0,2022-07-24,2.0,204,08:46:23,08:46:38,0:00:15,15.0,6,8,0
42.0,117.0,2022-07-24,2.0,205,08:50:39,08:50:54,0:00:15,15.0,6,8,0
42.0,117.0,2022-07-24,2.0,206,08:53:56,08:54:11,0:00:15,15.0,6,8,0
42.0,117.0,2022-07-24,2.0,207,08:56:09,08:56:20,0:00:11,11.0,6,8,0
42.0,117.0,2022-07-24,2.0,208,08:59:04,08:59:04,0:00:00,0.0,6,8,0
42.0,117.0,2022-07-24,2.0,209,09:03:43,09:03:43,0:00:00,0.0,6,9,0
42.0,117.0,2022-07-24,2.0,210,09:12:12,09:12:27,0:00:15,15.0,6,9,0
42.0,117.0,2022-07-24,2.0,211,09:13:42,09:13:57,0:00:15,15.0,6,9,0
42.0,117.0,2022-07-24,2.0,212,09:17:52,09:18:07,0:00:15,15.0,6,9,0
42.0,117.0,2022-07-24,2.0,213,09:21:09,09:21:24,0:00:15,15.0,6,9,0
44.0,117.0,2022-07-24,2.0,201,12:55:10,12:55:25,0:00:15,15.0,6,12,0
44.0,117.0,2022-07-24,2.0,202,12:58:08,12:58:23,0:00:15,15.0,6,12,0
44.0,117.0,2022-07-24,2.0,203,13:01:37,13:01:52,0:00:15,15.0,6,13,0
44.0,117.0,2022-07-24,2.0,204,13:04:15,13:04:30,0:00:15,15.0,6,13,0
44.0,117.0,2022-07-24,2.0,205,13:08:04,13:08:19,0:00:15,15.0,6,13,0
44.0,117.0,2022-07-24,2.0,206,13:10:44,13:13:22,0:02:38,158.0,6,13,0
44.0,117.0,2022-07-24,2.0,207,13:14:04,13:14:19,0:00:15,15.0,6,13,0
44.0,117.0,2022-07-24,2.0,208,13:17:48,13:18:03,0:00:15,15.0,6,13,0
44.0,117.0,2022-07-24,2.0,209,13:22:04,13:22:19,0:00:15,15.0,6,13,0
44.0,117.0,2022-07-24,2.0,210,13:31:57,13:32:12,0:00:15,15.0,6,13,0
44.0,117.0,2022-07-24,2.0,211,13:33:24,13:33:39,0:00:15,15.0,6,13,0
44.0,117.0,2022-07-24,2.0,212,13:36:52,13:37:07,0:00:15,15.0,6,13,0
44.0,117.0,2022-07-24,2.0,213,13:40:43,13:40:56,0:00:13,13.0,6,13,0
46.0,117.0,2022-07-24,2.0,201,16:48:43,16:48:58,0:00:15,15.0,6,16,0
46.0,117.0,2022-07-24,2.0,202,16:51:41,16:51:56,0:00:15,15.0,6,16,0
46.0,117.0,2022-07-24,2.0,203,16:55:33,16:55:48,0:00:15,15.0,6,16,0
46.0,117.0,2022-07-24,2.0,204,16:59:19,16:59:53,0:00:34,34.0,6,16,0
46.0,117.0,2022-07-24,2.0,205,17:04:09,17:04:24,0:00:15,15.0,6,17,0
46.0,117.0,2022-07-24,2.0,206,17:07:22,17:08:34,0:01:12,72.0,6,17,0
46.0,117.0,2022-07-24,2.0,207,17:09:15,17:09:31,0:00:16,16.0,6,17,0
46.0,117.0,2022-07-24,2.0,208,17:13:02,17:14:12,0:01:10,70.0,6,17,0
46.0,117.0,2022-07-24,2.0,209,17:18:13,17:18:28,0:00:15,15.0,6,17,0
46.0,117.0,2022-07-24,2.0,210,17:25:59,17:26:14,0:00:15,15.0,6,17,0
46.0,117.0,2022-07-24,2.0,211,17:29:26,17:29:41,0:00:15,15.0,6,17,0
46.0,117.0,2022-07-24,2.0,212,17:32:55,17:33:10,0:00:15,15.0,6,17,0
46.0,117.0,2022-07-24,2.0,213,17:35:44,17:35:59,0:00:15,15.0,6,17,0
48.0,117.0,2022-07-25,2.0,201,08:28:56,08:29:11,0:00:15,15.0,0,8,1
48.0,117.0,2022-07-25,2.0,202,08:31:53,08:32:08,0:00:15,15.0,0,8,1
48.0,117.0,2022-07-25,2.0,203,08:36:23,08:36:38,0:00:15,15.0,0,8,1
48.0,117.0,2022-07-25,2.0,204,08:40:32,08:40:47,0:00:15,15.0,0,8,1
48.0,117.0,2022-07-25,2.0,205,08:44:31,08:44:46,0:00:15,15.0,0,8,1
48.0,117.0,2022-07-25,2.0,206,08:47:52,08:48:07,0:00:15,15.0,0,8,1
48.0,117.0,2022-07-25,2.0,207,08:49:42,08:49:57,0:00:15,15.0,0,8,1
48.0,117.0,2022-07-25,2.0,208,08:52:52,08:53:07,0:00:15,15.0,0,8,1
48.0,117.0,2022-07-25,2.0,209,08:57:43,08:57:58,0:00:15,15.0,0,8,1
48.0,117.0,2022-07-25,2.0,210,09:07:03,09:07:03,0:00:00,0.0,0,9,1
48.0,117.0,2022-07-25,2.0,211,09:08:50,09:09:05,0:00:15,15.0,0,9,1
48.0,117.0,2022-07-25,2.0,212,09:12:53,09:13:08,0:00:15,15.0,0,9,1
48.0,117.0,2022-07-25,2.0,213,09:15:53,09:16:08,0:00:15,15.0,0,9,1
50.0,117.0,2022-07-25,2.0,201,13:59:21,13:59:21,0:00:00,0.0,0,13,1
50.0,117.0,2022-07-25,2.0,202,14:02:26,14:02:41,0:00:15,15.0,0,14,1
50.0,117.0,2022-07-25,2.0,203,14:07:23,14:07:38,0:00:15,15.0,0,14,1
50.0,117.0,2022-07-25,2.0,204,14:11:47,14:12:02,0:00:15,15.0,0,14,1
50.0,117.0,2022-07-25,2.0,205,14:16:13,14:16:56,0:00:43,43.0,0,14,1
50.0,117.0,2022-07-25,2.0,206,14:19:52,14:20:07,0:00:15,15.0,0,14,1
50.0,117.0,2022-07-25,2.0,207,14:21:38,14:22:13,0:00:35,35.0,0,14,1
50.0,117.0,2022-07-25,2.0,208,14:26:56,14:27:20,0:00:24,24.0,0,14,1
50.0,117.0,2022-07-25,2.0,209,14:30:59,14:31:42,0:00:43,43.0,0,14,1
50.0,117.0,2022-07-25,2.0,210,14:40:23,14:41:29,0:01:06,66.0,0,14,1
50.0,117.0,2022-07-25,2.0,211,14:43:27,14:44:16,0:00:49,49.0,0,14,1
50.0,117.0,2022-07-25,2.0,212,14:47:41,14:47:49,0:00:08,8.0,0,14,1
50.0,117.0,2022-07-25,2.0,213,14:50:59,14:51:14,0:00:15,15.0,0,14,1
52.0,117.0,2022-07-26,2.0,201,08:46:23,08:46:38,0:00:15,15.0,1,8,1
52.0,117.0,2022-07-26,2.0,202,08:49:11,08:49:26,0:00:15,15.0,1,8,1
52.0,117.0,2022-07-26,2.0,203,08:53:44,08:53:59,0:00:15,15.0,1,8,1
52.0,117.0,2022-07-26,2.0,204,08:57:34,08:57:34,0:00:00,0.0,1,8,1
52.0,117.0,2022-07-26,2.0,205,09:02:21,09:02:36,0:00:15,15.0,1,9,1
52.0,117.0,2022-07-26,2.0,206,09:04:53,09:07:46,0:02:53,173.0,1,9,1
52.0,117.0,2022-07-26,2.0,207,09:08:30,09:08:45,0:00:15,15.0,1,9,1
52.0,117.0,2022-07-26,2.0,208,09:11:28,09:11:43,0:00:15,15.0,1,9,1
52.0,117.0,2022-07-26,2.0,209,09:15:16,09:15:31,0:00:15,15.0,1,9,1
52.0,117.0,2022-07-26,2.0,210,09:25:22,09:25:35,0:00:13,13.0,1,9,1
52.0,117.0,2022-07-26,2.0,211,09:26:45,09:26:54,0:00:09,9.0,1,9,1
52.0,117.0,2022-07-26,2.0,212,09:30:33,09:30:43,0:00:10,10.0,1,9,1
52.0,117.0,2022-07-26,2.0,213,09:33:53,09:34:08,0:00:15,15.0,1,9,1
54.0,117.0,2022-07-26,2.0,201,16:54:53,16:55:08,0:00:15,15.0,1,16,1
54.0,117.0,2022-07-26,2.0,202,16:57:52,16:58:07,0:00:15,15.0,1,16,1
54.0,117.0,2022-07-26,2.0,203,17:04:04,17:04:19,0:00:15,15.0,1,17,1
54.0,117.0,2022-07-26,2.0,204,17:08:12,17:08:27,0:00:15,15.0,1,17,1
54.0,117.0,2022-07-26,2.0,205,17:11:34,17:11:49,0:00:15,15.0,1,17,1
54.0,117.0,2022-07-26,2.0,206,17:13:45,17:14:00,0:00:15,15.0,1,17,1
54.0,117.0,2022-07-26,2.0,207,17:15:16,17:15:21,0:00:05,5.0,1,17,1
54.0,117.0,2022-07-26,2.0,208,17:17:54,17:18:22,0:00:28,28.0,1,17,1
54.0,117.0,2022-07-26,2.0,209,17:22:01,17:22:16,0:00:15,15.0,1,17,1
54.0,117.0,2022-07-26,2.0,210,17:28:59,17:29:14,0:00:15,15.0,1,17,1
54.0,117.0,2022-07-26,2.0,211,17:31:03,17:31:18,0:00:15,15.0,1,17,1
54.0,117.0,2022-07-26,2.0,212,17:34:42,17:35:08,0:00:26,26.0,1,17,1
54.0,117.0,2022-07-26,2.0,213,17:37:38,17:37:38,0:00:00,0.0,1,17,1
56.0,117.0,2022-07-28,2.0,201,10:01:26,10:01:41,0:00:15,15.0,3,10,1
56.0,117.0,2022-07-28,2.0,202,10:03:47,10:04:20,0:00:33,33.0,3,10,1
56.0,117.0,2022-07-28,2.0,203,10:10:59,10:11:14,0:00:15,15.0,3,10,1
56.0,117.0,2022-07-28,2.0,204,10:15:14,10:15:29,0:00:15,15.0,3,10,1
56.0,117.0,2022-07-28,2.0,205,10:20:32,10:20:47,0:00:15,15.0,3,10,1
56.0,117.0,2022-07-28,2.0,206,10:23:33,10:26:57,0:03:24,204.0,3,10,1
56.0,117.0,2022-07-28,2.0,207,10:27:44,10:27:59,0:00:15,15.0,3,10,1
56.0,117.0,2022-07-28,2.0,208,10:30:59,10:31:26,0:00:27,27.0,3,10,1
56.0,117.0,2022-07-28,2.0,209,10:35:44,10:35:59,0:00:15,15.0,3,10,1
56.0,117.0,2022-07-28,2.0,210,10:48:18,10:48:37,0:00:19,19.0,3,10,1
56.0,117.0,2022-07-28,2.0,211,10:49:43,10:49:51,0:00:08,8.0,3,10,1
56.0,117.0,2022-07-28,2.0,212,10:53:17,10:53:32,0:00:15,15.0,3,10,1
56.0,117.0,2022-07-28,2.0,213,10:56:05,10:56:20,0:00:15,15.0,3,10,1
58.0,117.0,2022-07-28,2.0,201,16:35:44,16:35:59,0:00:15,15.0,3,16,1
58.0,117.0,2022-07-28,2.0,202,16:38:18,16:39:57,0:01:39,99.0,3,16,1
58.0,117.0,2022-07-28,2.0,203,16:43:28,16:43:43,0:00:15,15.0,3,16,1
58.0,117.0,2022-07-28,2.0,204,16:47:34,16:47:49,0:00:15,15.0,3,16,1
58.0,117.0,2022-07-28,2.0,205,16:52:00,16:52:11,0:00:11,11.0,3,16,1
58.0,117.0,2022-07-28,2.0,206,16:54:46,16:55:01,0:00:15,15.0,3,16,1
58.0,117.0,2022-07-28,2.0,207,16:56:03,16:56:18,0:00:15,15.0,3,16,1
58.0,117.0,2022-07-28,2.0,208,16:58:45,16:59:00,0:00:15,15.0,3,16,1
58.0,117.0,2022-07-28,2.0,209,17:03:02,17:03:17,0:00:15,15.0,3,17,1
58.0,117.0,2022-07-28,2.0,210,17:11:23,17:11:38,0:00:15,15.0,3,17,1
58.0,117.0,2022-07-28,2.0,211,17:13:04,17:13:45,0:00:41,41.0,3,17,1
58.0,117.0,2022-07-28,2.0,212,17:16:40,17:17:14,0:00:34,34.0,3,17,1
58.0,117.0,2022-07-28,2.0,213,17:19:58,17:20:13,0:00:15,15.0,3,17,1
60.0,117.0,2022-08-01,2.0,201,14:24:06,14:24:21,0:00:15,15.0,0,14,1
60.0,117.0,2022-08-01,2.0,202,14:27:42,14:27:57,0:00:15,15.0,0,14,1
60.0,117.0,2022-08-01,2.0,203,14:31:30,14:31:45,0:00:15,15.0,0,14,1
60.0,117.0,2022-08-01,2.0,204,14:34:50,14:35:05,0:00:15,15.0,0,14,1
60.0,117.0,2022-08-01,2.0,205,14:39:04,14:39:19,0:00:15,15.0,0,14,1
60.0,117.0,2022-08-01,2.0,206,14:42:21,14:42:36,0:00:15,15.0,0,14,1
60.0,117.0,2022-08-01,2.0,207,14:43:20,14:43:20,0:00:00,0.0,0,14,1
60.0,117.0,2022-08-01,2.0,208,14:45:28,14:45:43,0:00:15,15.0,0,14,1
60.0,117.0,2022-08-01,2.0,209,14:49:22,14:49:37,0:00:15,15.0,0,14,1
60.0,117.0,2022-08-01,2.0,210,15:02:10,15:02:25,0:00:15,15.0,0,15,1
60.0,117.0,2022-08-01,2.0,211,15:03:31,15:03:46,0:00:15,15.0,0,15,1
60.0,117.0,2022-08-01,2.0,212,15:07:08,15:07:24,0:00:16,16.0,0,15,1
60.0,117.0,2022-08-01,2.0,213,15:10:18,15:10:18,0:00:00,0.0,0,15,1
62.0,121.0,2022-07-02,2.0,201,06:42:31,06:43:22,0:00:51,51.0,5,6,0
62.0,121.0,2022-07-02,2.0,202,06:44:56,06:45:11,0:00:15,15.0,5,6,0
62.0,121.0,2022-07-02,2.0,203,06:47:46,06:48:01,0:00:15,15.0,5,6,0
62.0,121.0,2022-07-02,2.0,204,06:51:03,06:51:18,0:00:15,15.0,5,6,0
62.0,121.0,2022-07-02,2.0,205,06:57:14,06:57:30,0:00:16,16.0,5,6,0
62.0,121.0,2022-07-02,2.0,206,06:59:54,07:00:09,0:00:15,15.0,5,6,0
62.0,121.0,2022-07-02,2.0,207,07:01:44,07:01:59,0:00:15,15.0,5,7,0
62.0,121.0,2022-07-02,2.0,208,07:05:34,07:05:49,0:00:15,15.0,5,7,0
62.0,121.0,2022-07-02,2.0,209,07:11:28,07:11:43,0:00:15,15.0,5,7,0
62.0,121.0,2022-07-02,2.0,210,07:17:53,07:17:53,0:00:00,0.0,5,7,0
62.0,121.0,2022-07-02,2.0,211,07:18:49,07:19:04,0:00:15,15.0,5,7,0
62.0,121.0,2022-07-02,2.0,212,07:22:34,07:22:49,0:00:15,15.0,5,7,0
62.0,121.0,2022-07-02,2.0,213,07:25:23,07:25:23,0:00:00,0.0,5,7,0
64.0,121.0,2022-07-02,2.0,201,09:54:56,09:56:05,0:01:09,69.0,5,9,0
64.0,121.0,2022-07-02,2.0,202,09:58:31,09:58:46,0:00:15,15.0,5,9,0
64.0,121.0,2022-07-02,2.0,203,10:02:51,10:03:06,0:00:15,15.0,5,10,0
64.0,121.0,2022-07-02,2.0,204,10:07:44,10:07:59,0:00:15,15.0,5,10,0
64.0,121.0,2022-07-02,2.0,205,10:11:33,10:12:09,0:00:36,36.0,5,10,0
64.0,121.0,2022-07-02,2.0,206,10:13:41,10:13:56,0:00:15,15.0,5,10,0
64.0,121.0,2022-07-02,2.0,207,10:16:28,10:16:43,0:00:15,15.0,5,10,0
64.0,121.0,2022-07-02,2.0,208,10:18:07,10:18:22,0:00:15,15.0,5,10,0
64.0,121.0,2022-07-02,2.0,209,10:21:39,10:21:54,0:00:15,15.0,5,10,0
64.0,121.0,2022-07-02,2.0,210,10:28:26,10:28:41,0:00:15,15.0,5,10,0
64.0,121.0,2022-07-02,2.0,211,10:29:35,10:29:49,0:00:14,14.0,5,10,0
64.0,121.0,2022-07-02,2.0,212,10:33:00,10:33:12,0:00:12,12.0,5,10,0
64.0,121.0,2022-07-02,2.0,213,10:35:35,10:35:35,0:00:00,0.0,5,10,0
66.0,121.0,2022-07-02,2.0,201,14:22:06,14:22:21,0:00:15,15.0,5,14,0
66.0,121.0,2022-07-02,2.0,202,14:25:09,14:25:24,0:00:15,15.0,5,14,0
66.0,121.0,2022-07-02,2.0,203,14:31:13,14:31:28,0:00:15,15.0,5,14,0
66.0,121.0,2022-07-02,2.0,204,14:34:40,14:34:55,0:00:15,15.0,5,14,0
66.0,121.0,2022-07-02,2.0,205,14:37:46,14:38:01,0:00:15,15.0,5,14,0
66.0,121.0,2022-07-02,2.0,206,14:39:57,14:41:44,0:01:47,107.0,5,14,0
66.0,121.0,2022-07-02,2.0,207,14:42:22,14:42:28,0:00:06,6.0,5,14,0
66.0,121.0,2022-07-02,2.0,208,14:44:14,14:44:44,0:00:30,30.0,5,14,0
66.0,121.0,2022-07-02,2.0,209,14:47:27,14:47:42,0:00:15,15.0,5,14,0
66.0,121.0,2022-07-02,2.0,210,14:55:02,14:55:17,0:00:15,15.0,5,14,0
66.0,121.0,2022-07-02,2.0,211,14:56:16,14:56:22,0:00:06,6.0,5,14,0
66.0,121.0,2022-07-02,2.0,212,14:59:22,14:59:34,0:00:12,12.0,5,14,0
66.0,121.0,2022-07-02,2.0,213,15:01:43,15:01:43,0:00:00,0.0,5,15,0
68.0,121.0,2022-07-03,2.0,201,07:09:49,07:10:04,0:00:15,15.0,6,7,0
68.0,121.0,2022-07-03,2.0,202,07:12:39,07:12:54,0:00:15,15.0,6,7,0
68.0,121.0,2022-07-03,2.0,203,07:17:05,07:17:20,0:00:15,15.0,6,7,0
68.0,121.0,2022-07-03,2.0,204,07:21:27,07:21:42,0:00:15,15.0,6,7,0
68.0,121.0,2022-07-03,2.0,205,07:26:46,07:27:01,0:00:15,15.0,6,7,0
68.0,121.0,2022-07-03,2.0,206,07:30:06,07:30:21,0:00:15,15.0,6,7,0
68.0,121.0,2022-07-03,2.0,207,07:32:10,07:32:25,0:00:15,15.0,6,7,0
68.0,121.0,2022-07-03,2.0,208,07:33:59,07:33:59,0:00:00,0.0,6,7,0
68.0,121.0,2022-07-03,2.0,209,07:37:55,07:38:10,0:00:15,15.0,6,7,0
68.0,121.0,2022-07-03,2.0,210,07:44:37,07:44:52,0:00:15,15.0,6,7,0
68.0,121.0,2022-07-03,2.0,211,07:45:58,07:46:11,0:00:13,13.0,6,7,0
68.0,121.0,2022-07-03,2.0,212,07:49:49,07:50:04,0:00:15,15.0,6,7,0
68.0,121.0,2022-07-03,2.0,213,07:52:52,07:53:07,0:00:15,15.0,6,7,0
70.0,121.0,2022-07-03,2.0,201,09:55:18,09:55:33,0:00:15,15.0,6,9,0
70.0,121.0,2022-07-03,2.0,202,09:58:15,09:58:30,0:00:15,15.0,6,9,0
70.0,121.0,2022-07-03,2.0,203,10:01:56,10:02:11,0:00:15,15.0,6,10,0
70.0,121.0,2022-07-03,2.0,204,10:05:29,10:05:44,0:00:15,15.0,6,10,0
70.0,121.0,2022-07-03,2.0,205,10:10:02,10:10:17,0:00:15,15.0,6,10,0
70.0,121.0,2022-07-03,2.0,206,10:13:39,10:13:54,0:00:15,15.0,6,10,0
70.0,121.0,2022-07-03,2.0,207,10:16:34,10:16:45,0:00:11,11.0,6,10,0
70.0,121.0,2022-07-03,2.0,208,10:18:11,10:18:26,0:00:15,15.0,6,10,0
70.0,121.0,2022-07-03,2.0,209,10:21:40,10:21:55,0:00:15,15.0,6,10,0
70.0,121.0,2022-07-03,2.0,210,10:28:44,10:28:44,0:00:00,0.0,6,10,0
70.0,121.0,2022-07-03,2.0,211,10:30:03,10:30:03,0:00:00,0.0,6,10,0
