trip_id,deviceid,date,start_terminal,end_terminal,direction,start_time,end_time,duration,duration_in_mins,day_of_week,hour_of_day
1.0,116,2022-07-01,BT02,BT01,2,06:52:21,07:38:17,0:45:56,45.93333333333333,4,6
2.0,116,2022-07-01,BT01,BT02,1,07:56:44,08:50:15,0:53:31,53.516666666666666,4,7
3.0,116,2022-07-01,BT02,BT01,2,10:47:14,11:42:16,0:55:02,55.03333333333333,4,10
4.0,116,2022-07-01,BT01,BT02,1,12:49:15,13:44:14,0:54:59,54.983333333333334,4,12
5.0,116,2022-07-01,BT02,BT01,2,15:19:18,16:13:03,0:53:45,53.75,4,15
6.0,116,2022-07-01,BT01,BT02,1,16:52:09,18:02:08,1:09:59,69.98333333333333,4,16
7.0,116,2022-07-05,BT02,BT01,2,08:59:19,09:53:50,0:54:31,54.516666666666666,1,8
8.0,116,2022-07-05,BT01,BT02,1,10:55:39,11:51:36,0:55:57,55.95,1,10
9.0,116,2022-07-05,BT02,BT01,2,14:48:13,15:48:38,1:00:25,60.416666666666664,1,14
10.0,116,2022-07-05,BT01,BT02,1,16:56:11,17:48:07,0:51:56,51.93333333333333,1,16
11.0,116,2022-07-06,BT02,BT01,2,08:09:18,09:00:28,0:51:10,51.166666666666664,2,8
12.0,116,2022-07-06,BT01,BT02,1,10:10:55,11:04:22,0:53:27,53.45,2,10
13.0,116,2022-07-06,BT02,BT01,2,11:31:13,12:27:28,0:56:15,56.25,2,11
14.0,116,2022-07-06,BT01,BT02,1,13:10:06,14:07:18,0:57:12,57.2,2,13
15.0,116,2022-07-06,BT02,BT01,2,15:30:08,16:35:15,1:05:07,65.11666666666666,2,15
16.0,116,2022-07-06,BT01,BT02,1,16:51:54,17:57:45,1:05:51,65.85,2,16
17.0,116,2022-07-08,BT02,BT01,2,05:40:23,06:18:23,0:38:00,38.0,4,5
18.0,117,2022-07-04,BT01,BT02,1,06:25:58,07:16:04,0:50:06,50.1,0,6
19.0,117,2022-07-04,BT02,BT01,2,08:59:42,09:47:19,0:47:37,47.61666666666667,0,8
20.0,117,2022-07-04,BT01,BT02,1,10:57:33,11:59:37,1:02:04,62.06666666666667,0,10
21.0,117,2022-07-04,BT02,BT01,2,12:30:53,13:27:44,0:56:51,56.85,0,12
22.0,117,2022-07-04,BT01,BT02,1,14:03:23,15:03:06,0:59:43,59.71666666666667,0,14
23.0,117,2022-07-04,BT02,BT01,2,15:53:48,16:52:12,0:58:24,58.4,0,15
24.0,117,2022-07-05,BT01,BT02,1,06:30:48,07:30:33,0:59:45,59.75,1,6
25.0,117,2022-07-05,BT02,BT01,2,10:00:06,10:54:35,0:54:29,54.483333333333334,1,10
26.0,117,2022-07-05,BT01,BT02,1,12:25:17,13:22:25,0:57:08,57.13333333333333,1,12
27.0,117,2022-07-05,BT02,BT01,2,16:30:25,17:21:36,0:51:11,51.18333333333333,1,16
28.0,117,2022-07-06,BT01,BT02,1,06:40:47,07:34:50,0:54:03,54.05,2,6
29.0,117,2022-07-06,BT02,BT01,2,16:44:55,17:43:17,0:58:22,58.36666666666667,2,16
30.0,117,2022-07-08,BT01,BT02,1,06:40:51,07:36:35,0:55:44,55.733333333333334,4,6
31.0,117,2022-07-08,BT02,BT01,2,10:42:27,11:32:42,0:50:15,50.25,4,10
32.0,117,2022-07-14,BT02,BT01,2,09:14:38,10:08:23,0:53:45,53.75,3,9
33.0,117,2022-07-18,BT01,BT02,1,06:44:55,07:43:27,0:58:32,58.53333333333333,0,6
34.0,117,2022-07-19,BT02,BT01,2,11:37:19,12:36:24,0:59:05,59.083333333333336,1,11
35.0,117,2022-07-19,BT01,BT02,1,13:14:53,14:14:51,0:59:58,59.96666666666667,1,13
36.0,117,2022-07-19,BT02,BT01,2,15:17:53,16:19:04,1:01:11,61.18333333333333,1,15
37.0,117,2022-07-23,BT01,BT02,1,06:41:59,07:35:33,0:53:34,53.56666666666667,5,6
38.0,117,2022-07-23,BT02,BT01,2,09:30:36,10:50:52,1:20:16,80.26666666666667,5,9
39.0,117,2022-07-23,BT01,BT02,1,12:00:33,13:17:08,1:16:35,76.58333333333333,5,12
40.0,117,2022-07-23,BT02,BT01,2,14:35:43,15:43:06,1:07:23,67.38333333333334,5,14
41.0,117,2022-07-24,BT01,BT02,1,06:38:04,07:32:54,0:54:50,54.833333333333336,6,6
42.0,117,2022-07-24,BT02,BT01,2,08:26:32,09:22:45,0:56:13,56.21666666666667,6,8
43.0,117,2022-07-24,BT01,BT02,1,10:46:17,12:08:02,1:21:45,81.75,6,10
44.0,117,2022-07-24,BT02,BT01,2,12:48:24,13:42:11,0:53:47,53.78333333333333,6,12
45.0,117,2022-07-24,BT01,BT02,1,13:54:26,14:52:25,0:57:59,57.983333333333334,6,13
46.0,117,2022-07-24,BT02,BT01,2,16:41:53,17:37:09,0:55:16,55.266666666666666,6,16
47.0,117,2022-07-25,BT01,BT02,1,06:41:57,07:47:11,1:05:14,65.23333333333333,0,6
48.0,117,2022-07-25,BT02,BT01,2,08:22:17,09:17:31,0:55:14,55.233333333333334,0,8
49.0,117,2022-07-25,BT01,BT02,1,10:44:54,12:36:17,1:51:23,111.38333333333334,0,10
50.0,117,2022-07-25,BT02,BT01,2,13:47:39,14:52:14,1:04:35,64.58333333333333,0,13
51.0,117,2022-07-26,BT01,BT02,1,06:25:13,07:36:19,1:11:06,71.1,1,6
52.0,117,2022-07-26,BT02,BT01,2,08:41:09,09:35:25,0:54:16,54.266666666666666,1,8
53.0,117,2022-07-26,BT01,BT02,1,12:49:14,13:57:05,1:07:51,67.85,1,12
54.0,117,2022-07-26,BT02,BT01,2,16:46:16,17:39:08,0:52:52,52.86666666666667,1,16
55.0,117,2022-07-28,BT01,BT02,1,06:35:11,07:43:14,1:08:03,68.05,3,6
56.0,117,2022-07-28,BT02,BT01,2,09:56:54,10:57:24,1:00:30,60.5,3,9
57.0,117,2022-07-28,BT01,BT02,1,13:54:07,15:33:53,1:39:46,99.76666666666667,3,13
58.0,117,2022-07-28,BT02,BT01,2,16:29:28,17:21:32,0:52:04,52.06666666666667,3,16
59.0,117,2022-08-01,BT01,BT02,1,06:21:22,07:30:16,1:08:54,68.9,0,6
60.0,117,2022-08-01,BT02,BT01,2,14:15:25,15:11:33,0:56:08,56.13333333333333,0,14
61.0,121,2022-07-02,BT01,BT02,1,04:50:47,06:11:12,1:20:25,80.41666666666667,5,4
62.0,121,2022-07-02,BT02,BT01,2,06:37:11,07:26:23,0:49:12,49.2,5,6
63.0,121,2022-07-02,BT01,BT02,1,07:49:16,08:43:17,0:54:01,54.016666666666666,5,7
64.0,121,2022-07-02,BT02,BT01,2,09:47:09,10:36:33,0:49:24,49.4,5,9
65.0,121,2022-07-02,BT01,BT02,1,12:35:52,13:35:23,0:59:31,59.516666666666666,5,12
66.0,121,2022-07-02,BT02,BT01,2,14:15:57,15:02:58,0:47:01,47.016666666666666,5,14
67.0,121,2022-07-02,BT01,BT02,1,15:38:24,16:26:20,0:47:56,47.93333333333333,5,15
68.0,121,2022-07-03,BT02,BT01,2,07:03:46,07:54:22,0:50:36,50.6,6,7
69.0,121,2022-07-03,BT01,BT02,1,08:06:01,08:56:44,0:50:43,50.71666666666667,6,8
70.0,121,2022-07-03,BT02,BT01,2,09:48:46,10:37:34,0:48:48,48.8,6,9
71.0,121,2022-07-03,BT01,BT02,1,11:30:17,12:27:36,0:57:19,57.31666666666667,6,11
72.0,121,2022-07-03,BT02,BT01,2,12:35:33,13:32:54,0:57:21,57.35,6,12
73.0,121,2022-07-03,BT01,BT02,1,13:46:30,14:36:45,0:50:15,50.25,6,13
74.0,121,2022-07-06,BT02,BT01,2,07:02:01,07:47:00,0:44:59,44.983333333333334,2,7
75.0,121,2022-07-06,BT01,BT02,1,08:19:43,09:14:07,0:54:24,54.4,2,8
76.0,121,2022-07-06,BT02,BT01,2,10:10:59,11:05:58,0:54:59,54.983333333333334,2,10
77.0,121,2022-07-06,BT01,BT02,1,11:51:08,12:48:50,0:57:42,57.7,2,11
78.0,121,2022-07-06,BT02,BT01,2,13:43:40,14:32:53,0:49:13,49.21666666666667,2,13
79.0,121,2022-07-06,BT01,BT02,1,15:20:14,16:14:06,0:53:52,53.86666666666667,2,15
80.0,121,2022-07-08,BT02,BT01,2,06:42:37,07:24:41,0:42:04,42.06666666666667,4,6
81.0,121,2022-07-08,BT01,BT02,1,08:47:32,09:47:29,0:59:57,59.95,4,8
82.0,121,2022-07-08,BT02,BT01,2,12:31:21,13:29:22,0:58:01,58.016666666666666,4,12
83.0,121,2022-07-08,BT01,BT02,1,15:43:09,16:43:51,1:00:42,60.7,4,15
84.0,121,2022-07-08,BT02,BT01,2,17:48:10,18:38:42,0:50:32,50.53333333333333,4,17
85.0,121,2022-07-08,BT01,BT02,1,18:58:26,19:49:09,0:50:43,50.71666666666667,4,18
86.0,121,2022-07-08,BT02,BT01,2,19:51:36,22:50:13,2:58:37,178.61666666666667,4,19
87.0,121,2022-07-11,BT01,BT02,1,04:59:49,06:43:27,1:43:38,103.63333333333334,0,4
88.0,121,2022-07-11,BT02,BT01,2,07:14:47,08:08:38,0:53:51,53.85,0,7
89.0,121,2022-07-11,BT01,BT02,1,08:33:23,09:29:03,0:55:40,55.666666666666664,0,8
90.0,121,2022-07-11,BT02,BT01,2,10:12:51,11:07:44,0:54:53,54.88333333333333,0,10
91.0,121,2022-07-11,BT01,BT02,1,12:03:40,13:06:54,1:03:14,63.233333333333334,0,12
92.0,121,2022-07-11,BT02,BT01,2,13:41:23,14:37:21,0:55:58,55.96666666666667,0,13
93.0,121,2022-07-11,BT01,BT02,1,14:50:59,15:54:46,1:03:47,63.78333333333333,0,14
94.0,121,2022-07-12,BT01,BT02,1,04:58:00,06:19:52,1:21:52,81.86666666666666,1,4
95.0,121,2022-07-12,BT02,BT01,2,07:00:35,07:51:40,0:51:05,51.083333333333336,1,7
96.0,121,2022-07-12,BT01,BT02,1,08:17:53,09:16:58,0:59:05,59.083333333333336,1,8
97.0,121,2022-07-12,BT02,BT01,2,14:59:55,15:54:24,0:54:29,54.483333333333334,1,14
98.0,121,2022-07-12,BT01,BT02,1,16:13:16,17:15:15,1:01:59,61.983333333333334,1,16
99.0,121,2022-07-15,BT01,BT02,1,04:40:18,05:48:31,1:08:13,68.21666666666667,4,4
100.0,121,2022-07-15,BT02,BT01,2,06:33:48,07:18:38,0:44:50,44.833333333333336,4,6
101.0,121,2022-07-15,BT01,BT02,1,07:42:59,08:42:51,0:59:52,59.86666666666667,4,7
102.0,121,2022-07-16,BT01,BT02,1,04:35:27,06:53:22,2:17:55,137.91666666666666,5,4
103.0,121,2022-07-16,BT02,BT01,2,07:31:09,08:20:51,0:49:42,49.7,5,7
104.0,121,2022-07-16,BT01,BT02,1,09:00:00,10:00:45,1:00:45,60.75,5,9
105.0,121,2022-07-18,BT02,BT01,2,06:32:06,07:20:53,0:48:47,48.78333333333333,0,6
106.0,121,2022-07-18,BT01,BT02,1,07:33:01,08:31:31,0:58:30,58.5,0,7
107.0,121,2022-07-18,BT02,BT01,2,09:06:24,10:08:32,1:02:08,62.13333333333333,0,9
108.0,121,2022-07-18,BT01,BT02,1,10:41:32,11:33:34,0:52:02,52.03333333333333,0,10
109.0,121,2022-07-18,BT02,BT01,2,14:42:30,15:35:25,0:52:55,52.916666666666664,0,14
110.0,121,2022-07-18,BT01,BT02,1,15:44:19,17:02:02,1:17:43,77.71666666666667,0,15
111.0,121,2022-07-19,BT02,BT01,2,06:32:25,07:17:37,0:45:12,45.2,1,6
112.0,121,2022-07-19,BT01,BT02,1,07:44:45,08:44:55,1:00:10,60.166666666666664,1,7
113.0,121,2022-07-19,BT02,BT01,2,09:13:54,10:16:13,1:02:19,62.31666666666667,1,9
114.0,121,2022-07-19,BT01,BT02,1,10:54:26,11:58:57,1:04:31,64.51666666666667,1,10
115.0,121,2022-07-19,BT02,BT01,2,12:45:48,13:42:49,0:57:01,57.016666666666666,1,12
116.0,121,2022-07-19,BT01,BT02,1,14:11:45,15:08:23,0:56:38,56.63333333333333,1,14
117.0,121,2022-07-21,BT02,BT01,2,06:57:51,07:45:52,0:48:01,48.016666666666666,3,6
118.0,121,2022-07-21,BT01,BT02,1,08:02:56,10:55:28,2:52:32,172.53333333333333,3,8
119.0,121,2022-07-21,BT02,BT01,2,11:14:56,12:26:13,1:11:17,71.28333333333333,3,11
120.0,121,2022-07-21,BT01,BT02,1,13:30:44,14:44:10,1:13:26,73.43333333333334,3,13
121.0,121,2022-07-21,BT02,BT01,2,17:01:47,18:02:39,1:00:52,60.86666666666667,3,17
122.0,121,2022-07-21,BT01,BT02,1,18:27:58,19:15:00,0:47:02,47.03333333333333,3,18
123.0,121,2022-07-23,BT02,BT01,2,11:29:16,12:36:03,1:06:47,66.78333333333333,5,11
124.0,121,2022-07-23,BT01,BT02,1,14:19:09,15:27:14,1:08:05,68.08333333333333,5,14
125.0,121,2022-07-23,BT02,BT01,2,16:17:25,17:25:31,1:08:06,68.1,5,16
126.0,121,2022-07-23,BT01,BT02,1,17:42:31,18:41:08,0:58:37,58.61666666666667,5,17
127.0,121,2022-07-25,BT01,BT02,1,04:55:43,06:39:45,1:44:02,104.03333333333333,0,4
128.0,121,2022-07-25,BT02,BT01,2,07:14:59,08:07:42,0:52:43,52.71666666666667,0,7
129.0,121,2022-07-25,BT01,BT02,1,09:25:09,10:21:51,0:56:42,56.7,0,9
130.0,121,2022-07-25,BT02,BT01,2,12:17:29,13:23:25,1:05:56,65.93333333333334,0,12
131.0,121,2022-07-25,BT01,BT02,1,13:50:16,15:18:08,1:27:52,87.86666666666666,0,13
132.0,121,2022-07-26,BT01,BT02,1,04:47:12,06:48:44,2:01:32,121.53333333333333,1,4
133.0,121,2022-07-27,BT01,BT02,1,04:51:24,05:56:36,1:05:12,65.2,2,4
134.0,121,2022-07-27,BT02,BT01,2,08:11:15,09:03:10,0:51:55,51.916666666666664,2,8
135.0,121,2022-07-27,BT01,BT02,1,11:34:45,12:46:07,1:11:22,71.36666666666666,2,11
136.0,121,2022-07-27,BT02,BT01,2,12:57:10,13:57:18,1:00:08,60.13333333333333,2,12
137.0,121,2022-07-27,BT01,BT02,1,16:36:39,17:37:09,1:00:30,60.5,2,16
138.0,121,2022-07-28,BT01,BT02,1,04:50:30,06:43:13,1:52:43,112.71666666666667,3,4
139.0,121,2022-07-29,BT01,BT02,1,04:51:56,05:49:11,0:57:15,57.25,4,4
140.0,121,2022-07-29,BT02,BT01,2,06:13:54,07:07:46,0:53:52,53.86666666666667,4,6
141.0,121,2022-07-29,BT01,BT02,1,07:27:13,08:22:25,0:55:12,55.2,4,7
142.0,121,2022-07-29,BT02,BT01,2,08:52:20,09:49:41,0:57:21,57.35,4,8
143.0,121,2022-07-29,BT01,BT02,1,10:29:30,11:38:16,1:08:46,68.76666666666667,4,10
144.0,121,2022-07-29,BT02,BT01,2,12:33:04,13:34:16,1:01:12,61.2,4,12
145.0,121,2022-07-29,BT01,BT02,1,14:29:04,15:23:28,0:54:24,54.4,4,14
146.0,123,2022-07-07,BT01,BT02,1,20:16:25,21:04:43,0:48:18,48.3,3,20
147.0,123,2022-07-08,BT02,BT01,2,09:30:12,10:21:10,0:50:58,50.96666666666667,4,9
148.0,123,2022-07-08,BT01,BT02,1,15:10:53,16:07:53,0:57:00,57.0,4,15
149.0,123,2022-07-12,BT02,BT01,2,17:24:35,18:25:15,1:00:40,60.666666666666664,1,17
150.0,123,2022-07-12,BT01,BT02,1,18:53:11,19:53:02,0:59:51,59.85,1,18
151.0,123,2022-07-14,BT02,BT01,2,16:53:02,18:01:44,1:08:42,68.7,3,16
152.0,123,2022-07-14,BT01,BT02,1,18:12:06,19:13:15,1:01:09,61.15,3,18
153.0,123,2022-07-15,BT02,BT01,2,07:34:27,08:30:48,0:56:21,56.35,4,7
154.0,123,2022-07-15,BT01,BT02,1,09:22:22,10:14:29,0:52:07,52.11666666666667,4,9
155.0,123,2022-07-18,BT02,BT01,2,17:45:37,18:38:07,0:52:30,52.5,0,17
156.0,123,2022-07-18,BT01,BT02,1,18:53:17,19:49:47,0:56:30,56.5,0,18
157.0,123,2022-07-19,BT02,BT01,2,05:43:52,06:39:11,0:55:19,55.31666666666667,1,5
158.0,123,2022-07-19,BT01,BT02,1,06:57:08,08:06:33,1:09:25,69.41666666666667,1,6
159.0,123,2022-07-19,BT02,BT01,2,16:18:56,17:08:21,0:49:25,49.416666666666664,1,16
160.0,123,2022-07-19,BT01,BT02,1,17:30:31,18:22:02,0:51:31,51.516666666666666,1,17
161.0,123,2022-07-20,BT02,BT01,2,05:42:28,06:32:26,0:49:58,49.96666666666667,2,5
162.0,123,2022-07-20,BT01,BT02,1,06:51:08,07:50:59,0:59:51,59.85,2,6
163.0,123,2022-07-23,BT02,BT01,2,06:27:37,07:17:32,0:49:55,49.916666666666664,5,6
164.0,123,2022-07-23,BT01,BT02,1,07:45:37,08:48:23,1:02:46,62.766666666666666,5,7
165.0,123,2022-07-26,BT02,BT01,2,07:28:24,08:19:31,0:51:07,51.11666666666667,1,7
166.0,123,2022-07-26,BT01,BT02,1,10:29:52,11:39:09,1:09:17,69.28333333333333,1,10
167.0,123,2022-07-26,BT02,BT01,2,15:03:15,15:58:06,0:54:51,54.85,1,15
168.0,123,2022-07-26,BT01,BT02,1,17:39:28,18:37:25,0:57:57,57.95,1,17
169.0,123,2022-07-28,BT02,BT01,2,07:23:33,08:20:01,0:56:28,56.46666666666667,3,7
170.0,123,2022-07-28,BT01,BT02,1,10:21:56,11:20:57,0:59:01,59.016666666666666,3,10
171.0,123,2022-07-28,BT02,BT01,2,14:23:05,15:32:22,1:09:17,69.28333333333333,3,14
172.0,123,2022-07-28,BT01,BT02,1,15:45:50,16:48:12,1:02:22,62.36666666666667,3,15
173.0,123,2022-07-30,BT02,BT01,2,16:36:00,18:04:09,1:28:09,88.15,5,16
174.0,123,2022-07-30,BT01,BT02,1,18:16:12,19:12:35,0:56:23,56.38333333333333,5,18
175.0,123,2022-07-31,BT02,BT01,2,07:37:35,08:40:28,1:02:53,62.88333333333333,6,7
176.0,123,2022-07-31,BT01,BT02,1,09:27:32,10:28:21,1:00:49,60.81666666666667,6,9
177.0,128,2022-07-01,BT02,BT01,2,08:15:14,09:07:22,0:52:08,52.13333333333333,4,8
178.0,128,2022-07-01,BT01,BT02,1,09:56:14,10:50:21,0:54:07,54.11666666666667,4,9
179.0,128,2022-07-01,BT02,BT01,2,11:46:01,12:44:04,0:58:03,58.05,4,11
180.0,128,2022-07-01,BT01,BT02,1,14:09:17,15:07:19,0:58:02,58.03333333333333,4,14
181.0,128,2022-07-01,BT02,BT01,2,16:16:47,17:13:09,0:56:22,56.36666666666667,4,16
182.0,128,2022-07-01,BT01,BT02,1,17:25:30,18:18:00,0:52:30,52.5,4,17
183.0,128,2022-07-02,BT02,BT01,2,07:24:04,08:16:46,0:52:42,52.7,5,7
184.0,128,2022-07-02,BT01,BT02,1,09:21:34,10:18:49,0:57:15,57.25,5,9
185.0,128,2022-07-02,BT02,BT01,2,10:38:34,11:37:55,0:59:21,59.35,5,10
186.0,128,2022-07-02,BT01,BT02,1,13:05:58,13:52:14,0:46:16,46.266666666666666,5,13
187.0,128,2022-07-02,BT02,BT01,2,14:49:03,15:45:51,0:56:48,56.8,5,14
188.0,128,2022-07-02,BT01,BT02,1,15:55:59,16:48:13,0:52:14,52.233333333333334,5,15
189.0,128,2022-07-07,BT02,BT01,2,09:15:22,10:02:56,0:47:34,47.56666666666667,3,9
190.0,128,2022-07-07,BT01,BT02,1,12:06:11,12:46:42,0:40:31,40.516666666666666,3,12
191.0,128,2022-07-07,BT02,BT01,2,17:37:24,18:36:33,0:59:09,59.15,3,17
192.0,128,2022-07-07,BT01,BT02,1,19:04:03,19:50:20,0:46:17,46.28333333333333,3,19
193.0,128,2022-07-08,BT02,BT01,2,09:45:13,10:38:37,0:53:24,53.4,4,9
194.0,128,2022-07-08,BT01,BT02,1,13:39:25,14:34:54,0:55:29,55.483333333333334,4,13
195.0,128,2022-07-08,BT02,BT01,2,15:31:22,16:34:43,1:03:21,63.35,4,15
196.0,128,2022-07-08,BT01,BT02,1,17:32:34,18:29:08,0:56:34,56.56666666666667,4,17
197.0,128,2022-07-11,BT02,BT01,2,07:47:51,08:38:37,0:50:46,50.766666666666666,0,7
198.0,128,2022-07-11,BT01,BT02,1,10:01:18,11:06:19,1:05:01,65.01666666666667,0,10
199.0,128,2022-07-11,BT02,BT01,2,11:24:34,12:22:28,0:57:54,57.9,0,11
200.0,128,2022-07-11,BT01,BT02,1,12:59:53,13:49:12,0:49:19,49.31666666666667,0,12
201.0,128,2022-07-11,BT02,BT01,2,14:14:34,15:05:39,0:51:05,51.083333333333336,0,14
202.0,128,2022-07-11,BT01,BT02,1,15:24:37,16:20:44,0:56:07,56.11666666666667,0,15
203.0,128,2022-07-11,BT02,BT01,2,16:37:33,17:47:11,1:09:38,69.63333333333334,0,16
204.0,128,2022-07-11,BT01,BT02,1,17:56:04,18:46:01,0:49:57,49.95,0,17
205.0,128,2022-07-12,BT02,BT01,2,07:45:03,08:36:03,0:51:00,51.0,1,7
206.0,128,2022-07-12,BT01,BT02,1,10:02:37,11:01:19,0:58:42,58.7,1,10
207.0,128,2022-07-12,BT02,BT01,2,11:26:03,12:29:22,1:03:19,63.31666666666667,1,11
208.0,128,2022-07-12,BT01,BT02,1,13:01:13,13:58:12,0:56:59,56.983333333333334,1,13
209.0,128,2022-07-12,BT02,BT01,2,14:31:37,15:30:09,0:58:32,58.53333333333333,1,14
210.0,128,2022-07-12,BT01,BT02,1,15:45:03,16:45:28,1:00:25,60.416666666666664,1,15
211.0,128,2022-07-14,BT02,BT01,2,09:00:27,09:48:52,0:48:25,48.416666666666664,3,9
212.0,128,2022-07-14,BT01,BT02,1,12:01:16,12:53:08,0:51:52,51.86666666666667,3,12
213.0,128,2022-07-16,BT02,BT01,2,09:00:49,09:57:09,0:56:20,56.333333333333336,5,9
214.0,128,2022-07-16,BT01,BT02,1,10:58:52,11:56:54,0:58:02,58.03333333333333,5,10
215.0,128,2022-07-16,BT02,BT01,2,12:36:07,13:28:46,0:52:39,52.65,5,12
216.0,128,2022-07-16,BT01,BT02,1,14:10:18,15:12:14,1:01:56,61.93333333333333,5,14
217.0,128,2022-07-21,BT02,BT01,2,09:31:42,10:24:33,0:52:51,52.85,3,9
218.0,128,2022-07-21,BT01,BT02,1,11:40:32,12:45:17,1:04:45,64.75,3,11
219.0,128,2022-07-21,BT02,BT01,2,13:40:51,14:44:50,1:03:59,63.983333333333334,3,13
220.0,128,2022-07-21,BT01,BT02,1,16:31:23,17:25:42,0:54:19,54.31666666666667,3,16
221.0,128,2022-07-22,BT02,BT01,2,07:57:49,08:51:27,0:53:38,53.63333333333333,4,7
222.0,128,2022-07-22,BT01,BT02,1,10:51:59,11:52:07,1:00:08,60.13333333333333,4,10
223.0,128,2022-07-22,BT02,BT01,2,13:02:23,14:02:52,1:00:29,60.483333333333334,4,13
224.0,128,2022-07-22,BT01,BT02,1,14:20:07,15:16:48,0:56:41,56.68333333333333,4,14
225.0,128,2022-07-27,BT02,BT01,2,10:13:37,11:24:26,1:10:49,70.81666666666666,2,10
226.0,128,2022-07-27,BT01,BT02,1,13:52:19,14:54:01,1:01:42,61.7,2,13
227.0,128,2022-07-27,BT02,BT01,2,16:36:35,17:34:01,0:57:26,57.43333333333333,2,16
228.0,128,2022-07-27,BT01,BT02,1,18:19:30,19:03:07,0:43:37,43.61666666666667,2,18
229.0,128,2022-08-01,BT02,BT01,2,08:45:36,09:48:52,1:03:16,63.266666666666666,0,8
230.0,128,2022-08-01,BT01,BT02,1,12:06:13,13:05:17,0:59:04,59.06666666666667,0,12
231.0,128,2022-08-01,BT02,BT01,2,13:46:35,14:57:34,1:10:59,70.98333333333333,0,13
232.0,128,2022-08-01,BT01,BT02,1,15:36:08,16:35:37,0:59:29,59.483333333333334,0,15
233.0,209,2022-07-15,BT02,BT01,2,06:03:57,06:47:34,0:43:37,43.61666666666667,4,6
234.0,209,2022-07-20,BT02,BT01,2,06:12:56,07:08:14,0:55:18,55.3,2,6
235.0,209,2022-07-20,BT01,BT02,1,07:33:15,08:36:12,1:02:57,62.95,2,7
236.0,250,2022-07-01,BT01,BT02,1,09:01:04,09:56:33,0:55:29,55.483333333333334,4,9
237.0,250,2022-07-05,BT02,BT01,2,06:32:30,07:55:22,1:22:52,82.86666666666666,1,6
238.0,250,2022-07-05,BT01,BT02,1,08:59:53,09:58:09,0:58:16,58.266666666666666,1,8
239.0,250,2022-07-06,BT02,BT01,2,08:20:26,09:09:01,0:48:35,48.583333333333336,2,8
240.0,250,2022-07-06,BT01,BT02,1,10:20:42,11:13:06,0:52:24,52.4,2,10
241.0,250,2022-07-08,BT02,BT01,2,08:44:13,09:37:59,0:53:46,53.766666666666666,4,8
242.0,250,2022-07-08,BT01,BT02,1,12:55:56,13:53:09,0:57:13,57.21666666666667,4,12
243.0,250,2022-07-08,BT02,BT01,2,17:16:08,18:12:04,0:55:56,55.93333333333333,4,17
244.0,250,2022-07-08,BT01,BT02,1,18:21:59,19:14:44,0:52:45,52.75,4,18
245.0,250,2022-07-11,BT02,BT01,2,07:23:44,08:27:39,1:03:55,63.916666666666664,0,7
246.0,250,2022-07-11,BT01,BT02,1,09:19:09,10:06:16,0:47:07,47.11666666666667,0,9
247.0,250,2022-07-11,BT02,BT01,2,10:55:48,12:05:15,1:09:27,69.45,0,10
248.0,250,2022-07-11,BT01,BT02,1,12:45:10,13:49:32,1:04:22,64.36666666666666,0,12
249.0,250,2022-07-12,BT01,BT02,1,09:00:05,09:47:55,0:47:50,47.833333333333336,1,9
250.0,250,2022-07-14,BT02,BT01,2,07:09:53,07:56:21,0:46:28,46.46666666666667,3,7
251.0,250,2022-07-14,BT01,BT02,1,08:58:53,10:00:12,1:01:19,61.31666666666667,3,8
252.0,250,2022-07-15,BT02,BT01,2,07:13:18,07:58:54,0:45:36,45.6,4,7
253.0,250,2022-07-15,BT01,BT02,1,15:02:20,16:02:56,1:00:36,60.6,4,15
254.0,250,2022-07-19,BT02,BT01,2,16:05:54,17:02:39,0:56:45,56.75,1,16
255.0,250,2022-07-19,BT01,BT02,1,17:36:45,18:26:50,0:50:05,50.083333333333336,1,17
256.0,250,2022-07-20,BT02,BT01,2,07:59:12,08:51:44,0:52:32,52.53333333333333,2,7
257.0,250,2022-07-20,BT01,BT02,1,10:40:56,11:43:36,1:02:40,62.666666666666664,2,10
258.0,250,2022-07-29,BT01,BT02,1,16:12:02,17:15:13,1:03:11,63.18333333333333,4,16
259.0,250,2022-08-01,BT01,BT02,1,10:51:23,11:50:25,0:59:02,59.03333333333333,0,10
260.0,262,2022-07-01,BT01,BT02,1,06:40:51,07:33:36,0:52:45,52.75,4,6
261.0,262,2022-07-01,BT02,BT01,2,09:44:10,10:37:44,0:53:34,53.56666666666667,4,9
262.0,262,2022-07-01,BT01,BT02,1,11:33:02,12:33:14,1:00:12,60.2,4,11
263.0,262,2022-07-01,BT02,BT01,2,13:14:51,14:11:15,0:56:24,56.4,4,13
264.0,262,2022-07-01,BT01,BT02,1,15:20:56,16:15:43,0:54:47,54.78333333333333,4,15
265.0,262,2022-07-01,BT02,BT01,2,17:30:11,18:25:21,0:55:10,55.166666666666664,4,17
266.0,262,2022-07-02,BT01,BT02,1,06:31:27,07:32:12,1:00:45,60.75,5,6
267.0,262,2022-07-02,BT02,BT01,2,07:52:49,08:44:38,0:51:49,51.81666666666667,5,7
268.0,262,2022-07-02,BT01,BT02,1,10:01:04,11:01:40,1:00:36,60.6,5,10
269.0,262,2022-07-02,BT02,BT01,2,11:15:12,12:25:05,1:09:53,69.88333333333334,5,11
270.0,262,2022-07-02,BT01,BT02,1,13:27:39,14:26:12,0:58:33,58.55,5,13
271.0,262,2022-07-02,BT02,BT01,2,15:30:11,16:25:58,0:55:47,55.78333333333333,5,15
272.0,262,2022-07-04,BT01,BT02,1,06:45:20,07:48:58,1:03:38,63.63333333333333,0,6
273.0,262,2022-07-04,BT02,BT01,2,07:49:55,10:00:47,2:10:52,130.86666666666667,0,7
274.0,262,2022-07-04,BT01,BT02,1,10:01:28,10:57:33,0:56:05,56.083333333333336,0,10
275.0,262,2022-07-04,BT02,BT01,2,11:28:21,12:11:57,0:43:36,43.6,0,11
276.0,262,2022-07-07,BT01,BT02,1,07:11:27,08:08:15,0:56:48,56.8,3,7
277.0,262,2022-07-07,BT02,BT01,2,16:27:56,17:24:16,0:56:20,56.333333333333336,3,16
278.0,262,2022-07-12,BT01,BT02,1,06:47:07,07:51:12,1:04:05,64.08333333333333,1,6
279.0,262,2022-07-12,BT02,BT01,2,08:16:36,09:17:49,1:01:13,61.21666666666667,1,8
280.0,262,2022-07-12,BT01,BT02,1,10:20:54,11:19:59,0:59:05,59.083333333333336,1,10
281.0,262,2022-07-12,BT02,BT01,2,12:55:35,14:00:11,1:04:36,64.6,1,12
282.0,262,2022-07-12,BT01,BT02,1,14:12:01,15:03:51,0:51:50,51.833333333333336,1,14
283.0,262,2022-07-12,BT02,BT01,2,18:00:05,18:47:17,0:47:12,47.2,1,18
284.0,262,2022-07-13,BT01,BT02,1,06:23:20,07:16:17,0:52:57,52.95,2,6
285.0,262,2022-07-13,BT02,BT01,2,07:29:39,08:15:04,0:45:25,45.416666666666664,2,7
286.0,262,2022-07-13,BT01,BT02,1,08:34:02,09:17:17,0:43:15,43.25,2,8
287.0,262,2022-07-13,BT02,BT01,2,10:28:50,11:24:49,0:55:59,55.983333333333334,2,10
288.0,262,2022-07-13,BT01,BT02,1,12:30:28,13:23:59,0:53:31,53.516666666666666,2,12
289.0,262,2022-07-13,BT02,BT01,2,14:07:48,14:57:58,0:50:10,50.166666666666664,2,14
290.0,262,2022-07-15,BT01,BT02,1,06:30:10,07:19:41,0:49:31,49.516666666666666,4,6
291.0,262,2022-07-15,BT02,BT01,2,08:20:20,09:10:15,0:49:55,49.916666666666664,4,8
292.0,262,2022-07-15,BT01,BT02,1,10:41:16,11:41:28,1:00:12,60.2,4,10
293.0,262,2022-07-15,BT02,BT01,2,12:06:33,13:02:32,0:55:59,55.983333333333334,4,12
294.0,262,2022-07-15,BT01,BT02,1,13:52:40,14:53:23,1:00:43,60.71666666666667,4,13
295.0,262,2022-07-15,BT02,BT01,2,15:33:53,16:27:35,0:53:42,53.7,4,15
296.0,262,2022-07-16,BT01,BT02,1,06:23:34,07:20:57,0:57:23,57.38333333333333,5,6
297.0,262,2022-07-16,BT02,BT01,2,10:16:18,11:13:22,0:57:04,57.06666666666667,5,10
298.0,262,2022-07-18,BT01,BT02,1,06:29:21,07:29:02,0:59:41,59.68333333333333,0,6
299.0,262,2022-07-18,BT02,BT01,2,17:13:47,18:19:25,1:05:38,65.63333333333334,0,17
300.0,262,2022-07-19,BT01,BT02,1,06:39:12,07:42:11,1:02:59,62.983333333333334,1,6
301.0,262,2022-07-19,BT02,BT01,2,11:56:33,12:55:14,0:58:41,58.68333333333333,1,11
302.0,262,2022-07-19,BT01,BT02,1,13:49:58,14:43:55,0:53:57,53.95,1,13
303.0,262,2022-07-19,BT02,BT01,2,16:29:15,17:21:50,0:52:35,52.583333333333336,1,16
304.0,262,2022-07-20,BT01,BT02,1,06:35:49,07:32:29,0:56:40,56.666666666666664,2,6
305.0,262,2022-07-20,BT02,BT01,2,08:23:50,09:17:39,0:53:49,53.81666666666667,2,8
306.0,262,2022-07-20,BT01,BT02,1,11:39:38,12:31:33,0:51:55,51.916666666666664,2,11
307.0,262,2022-07-20,BT02,BT01,2,12:57:17,13:50:07,0:52:50,52.833333333333336,2,12
308.0,262,2022-07-20,BT01,BT02,1,14:48:14,15:41:13,0:52:59,52.983333333333334,2,14
309.0,262,2022-07-20,BT02,BT01,2,16:41:33,17:33:05,0:51:32,51.53333333333333,2,16
310.0,262,2022-07-22,BT02,BT01,2,17:56:03,18:54:45,0:58:42,58.7,4,17
311.0,262,2022-07-23,BT01,BT02,1,06:31:52,07:28:35,0:56:43,56.71666666666667,5,6
312.0,262,2022-07-23,BT02,BT01,2,08:47:48,10:12:12,1:24:24,84.4,5,8
313.0,262,2022-07-23,BT01,BT02,1,11:41:24,12:53:04,1:11:40,71.66666666666667,5,11
314.0,262,2022-07-23,BT02,BT01,2,14:04:51,15:07:21,1:02:30,62.5,5,14
315.0,262,2022-07-23,BT01,BT02,1,15:09:06,17:22:27,2:13:21,133.35,5,15
316.0,262,2022-07-23,BT02,BT01,2,17:29:17,18:28:19,0:59:02,59.03333333333333,5,17
317.0,262,2022-07-25,BT01,BT02,1,06:56:45,08:04:29,1:07:44,67.73333333333333,0,6
318.0,262,2022-07-25,BT02,BT01,2,08:45:21,09:42:35,0:57:14,57.233333333333334,0,8
319.0,262,2022-07-25,BT01,BT02,1,11:04:57,12:42:02,1:37:05,97.08333333333333,0,11
320.0,262,2022-07-25,BT02,BT01,2,13:15:24,14:23:51,1:08:27,68.45,0,13
321.0,262,2022-07-25,BT01,BT02,1,14:40:27,15:45:12,1:04:45,64.75,0,14
322.0,262,2022-07-26,BT01,BT02,1,13:31:03,14:45:33,1:14:30,74.5,1,13
323.0,262,2022-07-27,BT01,BT02,1,06:53:34,07:56:24,1:02:50,62.833333333333336,2,6
324.0,262,2022-07-27,BT02,BT01,2,11:15:22,12:24:31,1:09:09,69.15,2,11
325.0,262,2022-07-27,BT01,BT02,1,14:44:46,15:41:05,0:56:19,56.31666666666667,2,14
326.0,262,2022-07-28,BT01,BT02,1,07:00:51,08:04:12,1:03:21,63.35,3,7
327.0,262,2022-07-28,BT02,BT01,2,08:06:16,14:00:41,5:54:25,354.4166666666667,3,8
328.0,262,2022-07-28,BT01,BT02,1,14:08:22,15:41:57,1:33:35,93.58333333333333,3,14
329.0,262,2022-07-28,BT02,BT01,2,16:57:16,17:43:57,0:46:41,46.68333333333333,3,16
330.0,264,2022-07-30,BT02,BT01,2,12:07:44,13:04:33,0:56:49,56.81666666666667,5,12
331.0,264,2022-07-30,BT01,BT02,1,14:40:50,15:48:43,1:07:53,67.88333333333334,5,14
332.0,264,2022-07-31,BT02,BT01,2,08:30:32,09:28:57,0:58:25,58.416666666666664,6,8
333.0,264,2022-07-31,BT01,BT02,1,11:11:10,12:04:19,0:53:09,53.15,6,11
334.0,264,2022-07-31,BT02,BT01,2,12:54:04,13:53:25,0:59:21,59.35,6,12
335.0,264,2022-07-31,BT01,BT02,1,14:31:45,15:16:26,0:44:41,44.68333333333333,6,14
336.0,274,2022-07-02,BT02,BT01,2,08:18:22,09:12:33,0:54:11,54.18333333333333,5,8
337.0,274,2022-07-02,BT01,BT02,1,10:41:50,11:40:16,0:58:26,58.43333333333333,5,10
338.0,274,2022-07-02,BT02,BT01,2,11:43:16,12:45:59,1:02:43,62.71666666666667,5,11
339.0,274,2022-07-02,BT01,BT02,1,13:46:29,14:43:40,0:57:11,57.18333333333333,5,13
340.0,274,2022-07-02,BT02,BT01,2,15:39:57,16:37:31,0:57:34,57.56666666666667,5,15
341.0,274,2022-07-02,BT01,BT02,1,17:04:37,18:10:17,1:05:40,65.66666666666667,5,17
342.0,274,2022-07-04,BT02,BT01,2,06:43:24,07:29:38,0:46:14,46.233333333333334,0,6
343.0,274,2022-07-04,BT01,BT02,1,07:43:43,08:39:08,0:55:25,55.416666666666664,0,7
344.0,274,2022-07-04,BT02,BT01,2,09:37:15,10:29:47,0:52:32,52.53333333333333,0,9
345.0,274,2022-07-04,BT01,BT02,1,11:37:26,12:32:37,0:55:11,55.18333333333333,0,11
346.0,274,2022-07-05,BT02,BT01,2,08:12:12,09:00:30,0:48:18,48.3,1,8
347.0,274,2022-07-05,BT01,BT02,1,10:34:47,11:31:36,0:56:49,56.81666666666667,1,10
348.0,274,2022-07-05,BT02,BT01,2,11:51:04,12:51:59,1:00:55,60.916666666666664,1,11
349.0,274,2022-07-05,BT01,BT02,1,14:31:41,15:32:12,1:00:31,60.516666666666666,1,14
350.0,274,2022-07-06,BT02,BT01,2,08:31:29,09:21:29,0:50:00,50.0,2,8
351.0,274,2022-07-06,BT01,BT02,1,10:30:59,11:24:39,0:53:40,53.666666666666664,2,10
352.0,274,2022-07-06,BT02,BT01,2,13:30:41,14:26:25,0:55:44,55.733333333333334,2,13
353.0,274,2022-07-06,BT01,BT02,1,15:01:21,16:06:09,1:04:48,64.8,2,15
354.0,274,2022-07-07,BT02,BT01,2,06:54:44,07:49:24,0:54:40,54.666666666666664,3,6
355.0,274,2022-07-07,BT01,BT02,1,09:10:40,10:08:58,0:58:18,58.3,3,9
356.0,274,2022-07-07,BT02,BT01,2,12:32:19,13:30:19,0:58:00,58.0,3,12
357.0,274,2022-07-07,BT01,BT02,1,15:05:13,16:04:49,0:59:36,59.6,3,15
358.0,274,2022-07-08,BT02,BT01,2,07:25:57,08:10:46,0:44:49,44.81666666666667,4,7
359.0,274,2022-07-08,BT01,BT02,1,10:21:16,11:22:25,1:01:09,61.15,4,10
360.0,274,2022-07-08,BT02,BT01,2,12:45:35,13:43:25,0:57:50,57.833333333333336,4,12
361.0,274,2022-07-08,BT01,BT02,1,15:50:26,16:57:46,1:07:20,67.33333333333333,4,15
362.0,274,2022-07-14,BT02,BT01,2,06:17:29,06:57:55,0:40:26,40.43333333333333,3,6
363.0,274,2022-07-14,BT01,BT02,1,07:11:44,08:02:48,0:51:04,51.06666666666667,3,7
364.0,274,2022-07-14,BT02,BT01,2,09:35:52,10:34:49,0:58:57,58.95,3,9
365.0,274,2022-07-14,BT01,BT02,1,12:20:42,13:15:03,0:54:21,54.35,3,12
366.0,274,2022-07-18,BT02,BT01,2,16:01:00,17:04:33,1:03:33,63.55,0,16
367.0,274,2022-07-18,BT01,BT02,1,17:12:21,17:59:05,0:46:44,46.733333333333334,0,17
368.0,274,2022-07-19,BT02,BT01,2,07:18:43,08:10:32,0:51:49,51.81666666666667,1,7
369.0,274,2022-07-19,BT01,BT02,1,08:49:10,09:52:12,1:03:02,63.03333333333333,1,8
370.0,274,2022-07-19,BT02,BT01,2,13:21:01,14:20:35,0:59:34,59.56666666666667,1,13
371.0,274,2022-07-19,BT01,BT02,1,14:43:43,15:42:19,0:58:36,58.6,1,14
372.0,274,2022-07-23,BT02,BT01,2,07:09:27,07:51:42,0:42:15,42.25,5,7
373.0,274,2022-07-23,BT01,BT02,1,09:13:05,10:12:00,0:58:55,58.916666666666664,5,9
374.0,274,2022-07-23,BT02,BT01,2,11:01:20,12:01:30,1:00:10,60.166666666666664,5,11
375.0,274,2022-07-23,BT01,BT02,1,13:59:36,15:16:34,1:16:58,76.96666666666667,5,13
376.0,274,2022-07-26,BT02,BT01,2,06:11:27,07:07:08,0:55:41,55.68333333333333,1,6
377.0,274,2022-07-26,BT01,BT02,1,07:44:33,08:32:16,0:47:43,47.71666666666667,1,7
378.0,274,2022-07-26,BT02,BT01,2,12:00:26,12:58:17,0:57:51,57.85,1,12
379.0,274,2022-07-26,BT01,BT02,1,15:48:52,16:53:01,1:04:09,64.15,1,15
380.0,274,2022-07-27,BT02,BT01,2,06:58:34,07:45:14,0:46:40,46.666666666666664,2,6
381.0,274,2022-07-27,BT01,BT02,1,09:05:38,10:09:39,1:04:01,64.01666666666667,2,9
382.0,274,2022-07-27,BT02,BT01,2,12:15:51,13:24:10,1:08:19,68.31666666666666,2,12
383.0,274,2022-07-27,BT01,BT02,1,16:04:35,17:06:19,1:01:44,61.733333333333334,2,16
384.0,274,2022-07-28,BT02,BT01,2,07:09:38,07:52:51,0:43:13,43.21666666666667,3,7
385.0,274,2022-07-28,BT01,BT02,1,10:00:39,11:00:35,0:59:56,59.93333333333333,3,10
386.0,274,2022-07-28,BT02,BT01,2,13:23:40,14:55:41,1:32:01,92.01666666666667,3,13
387.0,274,2022-07-28,BT01,BT02,1,15:21:54,16:22:40,1:00:46,60.766666666666666,3,15
388.0,274,2022-07-29,BT02,BT01,2,15:43:18,16:30:19,0:47:01,47.016666666666666,4,15
389.0,274,2022-07-29,BT01,BT02,1,16:49:25,17:45:46,0:56:21,56.35,4,16
390.0,274,2022-07-30,BT02,BT01,2,06:43:43,07:28:29,0:44:46,44.766666666666666,5,6
391.0,274,2022-07-30,BT01,BT02,1,08:10:08,09:08:42,0:58:34,58.56666666666667,5,8
392.0,274,2022-07-30,BT02,BT01,2,15:34:42,16:33:17,0:58:35,58.583333333333336,5,15
393.0,274,2022-07-30,BT01,BT02,1,17:02:31,18:36:31,1:34:00,94.0,5,17
394.0,275,2022-07-02,BT01,BT02,1,14:13:02,15:02:24,0:49:22,49.36666666666667,5,14
395.0,275,2022-07-03,BT02,BT01,2,12:54:51,16:01:17,3:06:26,186.43333333333334,6,12
396.0,275,2022-07-21,BT02,BT01,2,10:14:25,11:10:35,0:56:10,56.166666666666664,3,10
397.0,275,2022-07-21,BT01,BT02,1,12:40:32,13:45:34,1:05:02,65.03333333333333,3,12
398.0,275,2022-07-21,BT02,BT01,2,15:46:05,16:42:02,0:55:57,55.95,3,15
399.0,275,2022-07-21,BT01,BT02,1,17:21:43,18:10:17,0:48:34,48.56666666666667,3,17
400.0,275,2022-07-27,BT02,BT01,2,09:59:39,10:50:38,0:50:59,50.983333333333334,2,9
401.0,275,2022-07-27,BT01,BT02,1,13:35:22,14:29:40,0:54:18,54.3,2,13
402.0,275,2022-07-27,BT02,BT01,2,15:52:49,16:51:33,0:58:44,58.733333333333334,2,15
403.0,275,2022-07-27,BT01,BT02,1,18:04:10,18:54:41,0:50:31,50.516666666666666,2,18
404.0,275,2022-07-28,BT02,BT01,2,09:14:14,10:18:45,1:04:31,64.51666666666667,3,9
405.0,275,2022-07-28,BT01,BT02,1,12:40:49,13:47:43,1:06:54,66.9,3,12
406.0,275,2022-07-30,BT02,BT01,2,10:20:09,11:15:24,0:55:15,55.25,5,10
407.0,275,2022-07-30,BT01,BT02,1,12:40:59,13:43:56,1:02:57,62.95,5,12
408.0,275,2022-08-01,BT02,BT01,2,09:30:09,10:30:03,0:59:54,59.9,0,9
409.0,275,2022-08-01,BT01,BT02,1,12:57:57,14:32:02,1:34:05,94.08333333333333,0,12
410.0,279,2022-07-05,BT02,BT01,2,05:14:39,06:05:42,0:51:03,51.05,1,5
411.0,279,2022-07-05,BT01,BT02,1,06:43:00,07:40:14,0:57:14,57.233333333333334,1,6
412.0,279,2022-07-05,BT02,BT01,2,12:11:19,13:02:08,0:50:49,50.81666666666667,1,12
413.0,279,2022-07-05,BT01,BT02,1,14:53:31,15:53:42,1:00:11,60.18333333333333,1,14
414.0,279,2022-07-05,BT02,BT01,2,17:45:08,18:43:10,0:58:02,58.03333333333333,1,17
415.0,279,2022-07-05,BT01,BT02,1,20:49:38,21:20:50,0:31:12,31.2,1,20
416.0,279,2022-07-06,BT02,BT01,2,06:38:51,07:28:47,0:49:56,49.93333333333333,2,6
417.0,279,2022-07-06,BT01,BT02,1,08:01:50,09:00:03,0:58:13,58.21666666666667,2,8
418.0,279,2022-07-06,BT02,BT01,2,10:01:04,10:51:07,0:50:03,50.05,2,10
419.0,279,2022-07-06,BT01,BT02,1,11:42:13,12:45:11,1:02:58,62.96666666666667,2,11
420.0,279,2022-07-06,BT02,BT01,2,17:13:40,18:06:03,0:52:23,52.38333333333333,2,17
421.0,279,2022-07-06,BT01,BT02,1,18:39:29,19:22:55,0:43:26,43.43333333333333,2,18
422.0,279,2022-07-07,BT02,BT01,2,06:01:18,06:51:38,0:50:20,50.333333333333336,3,6
423.0,279,2022-07-07,BT01,BT02,1,07:41:22,08:43:58,1:02:36,62.6,3,7
424.0,279,2022-07-07,BT02,BT01,2,11:45:36,12:37:40,0:52:04,52.06666666666667,3,11
425.0,279,2022-07-07,BT01,BT02,1,14:26:13,15:17:16,0:51:03,51.05,3,14
426.0,279,2022-07-07,BT02,BT01,2,17:15:38,18:15:58,1:00:20,60.333333333333336,3,17
427.0,279,2022-07-07,BT01,BT02,1,18:48:41,19:37:32,0:48:51,48.85,3,18
428.0,279,2022-07-08,BT02,BT01,2,06:00:54,06:49:53,0:48:59,48.983333333333334,4,6
429.0,279,2022-07-08,BT01,BT02,1,07:33:36,08:32:13,0:58:37,58.61666666666667,4,7
430.0,279,2022-07-09,BT02,BT01,2,07:39:54,08:22:41,0:42:47,42.78333333333333,5,7
431.0,279,2022-07-09,BT01,BT02,1,09:32:51,10:26:35,0:53:44,53.733333333333334,5,9
432.0,279,2022-07-15,BT02,BT01,2,17:17:22,18:16:51,0:59:29,59.483333333333334,4,17
433.0,279,2022-07-15,BT01,BT02,1,18:46:33,19:38:25,0:51:52,51.86666666666667,4,18
434.0,279,2022-07-16,BT02,BT01,2,07:06:10,07:51:51,0:45:41,45.68333333333333,5,7
435.0,279,2022-07-16,BT01,BT02,1,08:21:43,09:21:13,0:59:30,59.5,5,8
436.0,279,2022-07-19,BT02,BT01,2,17:19:29,18:28:44,1:09:15,69.25,1,17
437.0,279,2022-07-19,BT01,BT02,1,18:48:05,19:44:08,0:56:03,56.05,1,18
438.0,279,2022-07-20,BT02,BT01,2,06:01:18,06:50:00,0:48:42,48.7,2,6
439.0,279,2022-07-20,BT01,BT02,1,07:20:05,08:18:44,0:58:39,58.65,2,7
440.0,279,2022-07-20,BT02,BT01,2,12:24:00,13:17:09,0:53:09,53.15,2,12
441.0,279,2022-07-20,BT01,BT02,1,14:22:32,15:22:26,0:59:54,59.9,2,14
442.0,279,2022-07-20,BT02,BT01,2,16:25:51,17:33:00,1:07:09,67.15,2,16
443.0,279,2022-07-20,BT01,BT02,1,17:59:51,19:02:39,1:02:48,62.8,2,17
444.0,279,2022-07-23,BT02,BT01,2,05:22:06,06:07:33,0:45:27,45.45,5,5
445.0,279,2022-07-23,BT01,BT02,1,16:23:59,17:34:35,1:10:36,70.6,5,16
446.0,279,2022-07-25,BT02,BT01,2,10:34:50,11:56:55,1:22:05,82.08333333333333,0,10
447.0,279,2022-07-25,BT01,BT02,1,12:29:00,13:55:19,1:26:19,86.31666666666666,0,12
448.0,279,2022-07-26,BT02,BT01,2,14:04:23,15:08:19,1:03:56,63.93333333333333,1,14
449.0,279,2022-07-26,BT01,BT02,1,17:06:10,18:00:18,0:54:08,54.13333333333333,1,17
450.0,279,2022-07-27,BT02,BT01,2,05:59:39,06:50:00,0:50:21,50.35,2,5
451.0,279,2022-07-27,BT01,BT02,1,07:43:01,08:44:52,1:01:51,61.85,2,7
452.0,279,2022-07-28,BT02,BT01,2,05:56:48,06:55:59,0:59:11,59.18333333333333,3,5
453.0,279,2022-07-28,BT01,BT02,1,07:50:00,08:51:29,1:01:29,61.483333333333334,3,7
454.0,279,2022-07-28,BT02,BT01,2,12:24:08,15:35:17,3:11:09,191.15,3,12
455.0,279,2022-07-28,BT01,BT02,1,16:07:22,17:10:52,1:03:30,63.5,3,16
456.0,279,2022-07-29,BT02,BT01,2,11:44:08,12:44:58,1:00:50,60.833333333333336,4,11
457.0,279,2022-07-29,BT01,BT02,1,13:15:07,14:16:51,1:01:44,61.733333333333334,4,13
458.0,279,2022-07-29,BT02,BT01,2,16:15:16,17:11:47,0:56:31,56.516666666666666,4,16
459.0,279,2022-07-29,BT01,BT02,1,17:29:12,18:19:57,0:50:45,50.75,4,17
460.0,279,2022-07-31,BT02,BT01,2,14:04:05,15:01:15,0:57:10,57.166666666666664,6,14
461.0,279,2022-07-31,BT01,BT02,1,16:06:11,17:03:55,0:57:44,57.733333333333334,6,16
462.0,279,2022-08-01,BT02,BT01,2,06:10:13,07:23:48,1:13:35,73.58333333333333,0,6
463.0,279,2022-08-01,BT01,BT02,1,08:08:49,10:06:23,1:57:34,117.56666666666666,0,8
464.0,279,2022-08-01,BT02,BT01,2,11:30:08,12:35:51,1:05:43,65.71666666666667,0,11
465.0,279,2022-08-01,BT01,BT02,1,14:12:53,15:42:08,1:29:15,89.25,0,14
466.0,505,2022-07-04,BT02,BT01,2,05:27:46,06:11:15,0:43:29,43.483333333333334,0,5
467.0,505,2022-07-04,BT01,BT02,1,06:33:36,07:26:31,0:52:55,52.916666666666664,0,6
468.0,505,2022-07-04,BT02,BT01,2,07:55:55,08:45:26,0:49:31,49.516666666666666,0,7
469.0,505,2022-07-04,BT01,BT02,1,09:44:25,10:42:11,0:57:46,57.766666666666666,0,9
470.0,505,2022-07-04,BT02,BT01,2,11:15:11,11:59:34,0:44:23,44.38333333333333,0,11
471.0,505,2022-07-04,BT01,BT02,1,12:59:53,13:56:14,0:56:21,56.35,0,12
472.0,505,2022-07-06,BT02,BT01,2,05:24:47,06:07:57,0:43:10,43.166666666666664,2,5
473.0,505,2022-07-06,BT01,BT02,1,06:51:33,07:44:30,0:52:57,52.95,2,6
474.0,505,2022-07-06,BT02,BT01,2,09:20:41,10:15:19,0:54:38,54.63333333333333,2,9
475.0,505,2022-07-06,BT01,BT02,1,11:10:48,12:01:10,0:50:22,50.36666666666667,2,11
476.0,505,2022-07-07,BT02,BT01,2,13:44:29,14:38:30,0:54:01,54.016666666666666,3,13
477.0,505,2022-07-07,BT01,BT02,1,16:00:14,16:55:28,0:55:14,55.233333333333334,3,16
478.0,505,2022-07-08,BT02,BT01,2,11:15:16,12:14:16,0:59:00,59.0,4,11
479.0,505,2022-07-08,BT01,BT02,1,14:40:35,15:37:38,0:57:03,57.05,4,14
480.0,505,2022-07-11,BT02,BT01,2,05:28:50,06:11:01,0:42:11,42.18333333333333,0,5
481.0,505,2022-07-11,BT01,BT02,1,06:42:13,07:54:00,1:11:47,71.78333333333333,0,6
482.0,505,2022-07-11,BT02,BT01,2,08:13:12,09:04:28,0:51:16,51.266666666666666,0,8
483.0,505,2022-07-11,BT01,BT02,1,10:20:46,11:29:53,1:09:07,69.11666666666666,0,10
484.0,505,2022-07-11,BT02,BT01,2,11:44:33,12:44:21,0:59:48,59.8,0,11
485.0,505,2022-07-11,BT01,BT02,1,13:15:35,14:13:36,0:58:01,58.016666666666666,0,13
486.0,505,2022-07-14,BT02,BT01,2,07:59:34,08:56:31,0:56:57,56.95,3,7
487.0,505,2022-07-14,BT01,BT02,1,10:41:07,11:41:29,1:00:22,60.36666666666667,3,10
488.0,505,2022-07-14,BT02,BT01,2,12:00:26,13:01:46,1:01:20,61.333333333333336,3,12
489.0,505,2022-07-14,BT01,BT02,1,14:41:44,15:32:35,0:50:51,50.85,3,14
490.0,505,2022-07-19,BT02,BT01,2,07:52:55,08:58:31,1:05:36,65.6,1,7
491.0,505,2022-07-19,BT01,BT02,1,09:43:31,10:39:21,0:55:50,55.833333333333336,1,9
492.0,505,2022-07-19,BT02,BT01,2,14:35:02,15:29:37,0:54:35,54.583333333333336,1,14
493.0,505,2022-07-19,BT01,BT02,1,15:45:15,16:40:30,0:55:15,55.25,1,15
494.0,505,2022-07-22,BT02,BT01,2,12:15:19,13:17:35,1:02:16,62.266666666666666,4,12
495.0,505,2022-07-22,BT01,BT02,1,13:50:24,14:49:48,0:59:24,59.4,4,13
496.0,505,2022-07-23,BT02,BT01,2,08:13:38,09:10:55,0:57:17,57.28333333333333,5,8
497.0,505,2022-07-23,BT01,BT02,1,13:32:14,14:56:00,1:23:46,83.76666666666667,5,13
498.0,505,2022-07-25,BT02,BT01,2,05:25:17,06:02:01,0:36:44,36.733333333333334,0,5
499.0,505,2022-07-25,BT01,BT02,1,06:40:48,13:07:18,6:26:30,386.5,0,6
500.0,505,2022-07-25,BT02,BT01,2,15:19:47,16:35:11,1:15:24,75.4,0,15
501.0,505,2022-07-25,BT01,BT02,1,16:50:28,18:11:24,1:20:56,80.93333333333334,0,16
502.0,505,2022-07-26,BT02,BT01,2,05:25:22,06:05:13,0:39:51,39.85,1,5
503.0,505,2022-07-26,BT01,BT02,1,06:18:52,07:09:14,0:50:22,50.36666666666667,1,6
504.0,505,2022-07-26,BT02,BT01,2,12:50:19,13:46:14,0:55:55,55.916666666666664,1,12
505.0,505,2022-07-26,BT01,BT02,1,16:25:10,17:20:03,0:54:53,54.88333333333333,1,16
506.0,505,2022-07-27,BT02,BT01,2,05:23:50,06:05:22,0:41:32,41.53333333333333,2,5
507.0,505,2022-07-27,BT01,BT02,1,07:13:14,08:07:52,0:54:38,54.63333333333333,2,7
508.0,505,2022-07-28,BT02,BT01,2,05:25:22,06:01:47,0:36:25,36.416666666666664,3,5
509.0,505,2022-07-28,BT01,BT02,1,07:21:51,08:19:32,0:57:41,57.68333333333333,3,7
510.0,513,2022-07-28,BT02,BT01,2,06:10:11,07:09:52,0:59:41,59.68333333333333,3,6
511.0,513,2022-07-28,BT01,BT02,1,08:09:07,09:06:02,0:56:55,56.916666666666664,3,8
512.0,550,2022-07-04,BT02,BT01,2,05:05:00,05:41:27,0:36:27,36.45,0,5
513.0,550,2022-07-07,BT02,BT01,2,05:03:35,05:47:08,0:43:33,43.55,3,5
514.0,550,2022-07-08,BT02,BT01,2,05:02:52,05:39:48,0:36:56,36.93333333333333,4,5
515.0,550,2022-07-08,BT01,BT02,1,05:46:01,07:48:39,2:02:38,122.63333333333334,4,5
516.0,550,2022-07-09,BT02,BT01,2,05:04:14,05:46:49,0:42:35,42.583333333333336,5,5
517.0,550,2022-07-09,BT01,BT02,1,18:08:01,18:53:00,0:44:59,44.983333333333334,5,18
518.0,550,2022-07-11,BT02,BT01,2,04:47:18,05:25:47,0:38:29,38.483333333333334,0,4
519.0,550,2022-07-12,BT02,BT01,2,04:54:05,05:35:00,0:40:55,40.916666666666664,1,4
520.0,550,2022-07-14,BT02,BT01,2,05:01:58,05:35:37,0:33:39,33.65,3,5
521.0,550,2022-07-14,BT01,BT02,1,18:52:57,19:38:22,0:45:25,45.416666666666664,3,18
522.0,550,2022-07-15,BT02,BT01,2,04:57:55,05:38:57,0:41:02,41.03333333333333,4,4
523.0,550,2022-07-16,BT02,BT01,2,13:38:38,18:08:25,4:29:47,269.78333333333336,5,13
524.0,550,2022-07-16,BT01,BT02,1,18:12:52,19:04:24,0:51:32,51.53333333333333,5,18
525.0,550,2022-07-18,BT02,BT01,2,04:54:35,05:35:34,0:40:59,40.983333333333334,0,4
526.0,550,2022-07-18,BT01,BT02,1,18:27:09,19:25:04,0:57:55,57.916666666666664,0,18
527.0,550,2022-07-19,BT02,BT01,2,04:53:03,05:36:25,0:43:22,43.36666666666667,1,4
528.0,550,2022-07-19,BT01,BT02,1,18:29:46,19:23:03,0:53:17,53.28333333333333,1,18
529.0,550,2022-07-20,BT02,BT01,2,05:04:53,05:39:32,0:34:39,34.65,2,5
530.0,550,2022-07-20,BT01,BT02,1,18:27:47,19:03:12,0:35:25,35.416666666666664,2,18
531.0,550,2022-07-21,BT02,BT01,2,04:42:58,05:16:29,0:33:31,33.516666666666666,3,4
532.0,550,2022-07-22,BT02,BT01,2,05:03:32,05:38:09,0:34:37,34.61666666666667,4,5
533.0,550,2022-07-22,BT01,BT02,1,19:14:52,19:55:43,0:40:51,40.85,4,19
534.0,550,2022-07-23,BT02,BT01,2,04:53:50,05:35:01,0:41:11,41.18333333333333,5,4
535.0,550,2022-07-23,BT01,BT02,1,18:50:00,19:43:39,0:53:39,53.65,5,18
536.0,550,2022-07-25,BT02,BT01,2,04:48:34,05:27:21,0:38:47,38.78333333333333,0,4
537.0,550,2022-07-25,BT01,BT02,1,18:33:44,19:18:28,0:44:44,44.733333333333334,0,18
538.0,550,2022-07-26,BT02,BT01,2,04:58:39,05:38:28,0:39:49,39.81666666666667,1,4
539.0,550,2022-07-27,BT02,BT01,2,04:50:44,05:31:12,0:40:28,40.46666666666667,2,4
540.0,550,2022-07-28,BT02,BT01,2,04:48:15,05:20:10,0:31:55,31.916666666666668,3,4
541.0,550,2022-07-28,BT01,BT02,1,18:27:53,19:17:57,0:50:04,50.06666666666667,3,18
542.0,550,2022-07-29,BT02,BT01,2,05:06:24,05:47:07,0:40:43,40.71666666666667,4,5
543.0,550,2022-07-29,BT01,BT02,1,18:38:14,19:26:31,0:48:17,48.28333333333333,4,18
544.0,550,2022-07-30,BT02,BT01,2,04:59:44,05:34:54,0:35:10,35.166666666666664,5,4
545.0,550,2022-07-30,BT01,BT02,1,18:07:49,19:07:13,0:59:24,59.4,5,18
546.0,550,2022-08-01,BT02,BT01,2,05:11:51,05:44:06,0:32:15,32.25,0,5
547.0,550,2022-08-01,BT01,BT02,1,18:36:03,19:19:43,0:43:40,43.666666666666664,0,18
548.0,1143,2022-07-01,BT02,BT01,2,08:30:16,09:20:42,0:50:26,50.43333333333333,4,8
549.0,1143,2022-07-01,BT01,BT02,1,10:19:27,11:21:03,1:01:36,61.6,4,10
550.0,1143,2022-07-01,BT02,BT01,2,11:59:33,12:52:04,0:52:31,52.516666666666666,4,11
551.0,1143,2022-07-01,BT01,BT02,1,14:25:43,15:23:57,0:58:14,58.233333333333334,4,14
552.0,1143,2022-07-01,BT02,BT01,2,16:31:55,17:19:52,0:47:57,47.95,4,16
553.0,1143,2022-07-01,BT01,BT02,1,17:47:55,18:36:24,0:48:29,48.483333333333334,4,17
554.0,1143,2022-07-07,BT02,BT01,2,16:44:44,17:41:26,0:56:42,56.7,3,16
555.0,1143,2022-07-07,BT01,BT02,1,18:08:42,18:55:42,0:47:00,47.0,3,18
556.0,1143,2022-07-08,BT02,BT01,2,09:00:35,09:55:10,0:54:35,54.583333333333336,4,9
557.0,1143,2022-07-08,BT01,BT02,1,13:10:41,14:01:02,0:50:21,50.35,4,13
558.0,1143,2022-07-08,BT02,BT01,2,15:10:27,16:13:47,1:03:20,63.333333333333336,4,15
559.0,1143,2022-07-08,BT01,BT02,1,17:10:19,18:01:13,0:50:54,50.9,4,17
560.0,1143,2022-07-10,BT02,BT01,2,13:18:45,14:10:02,0:51:17,51.28333333333333,6,13
561.0,1143,2022-07-10,BT01,BT02,1,14:47:30,15:43:39,0:56:09,56.15,6,14
562.0,1143,2022-07-13,BT02,BT01,2,07:51:46,08:50:18,0:58:32,58.53333333333333,2,7
563.0,1143,2022-07-13,BT01,BT02,1,09:20:17,10:13:06,0:52:49,52.81666666666667,2,9
564.0,1143,2022-07-13,BT02,BT01,2,11:11:01,12:06:56,0:55:55,55.916666666666664,2,11
565.0,1143,2022-07-13,BT01,BT02,1,12:48:36,13:38:05,0:49:29,49.483333333333334,2,12
566.0,1143,2022-07-16,BT02,BT01,2,08:13:01,09:12:36,0:59:35,59.583333333333336,5,8
567.0,1143,2022-07-16,BT01,BT02,1,09:41:30,10:36:56,0:55:26,55.43333333333333,5,9
568.0,1143,2022-07-16,BT02,BT01,2,11:30:40,12:33:40,1:03:00,63.0,5,11
569.0,1143,2022-07-16,BT01,BT02,1,13:27:55,14:36:38,1:08:43,68.71666666666667,5,13
570.0,1143,2022-07-16,BT02,BT01,2,15:13:20,16:20:52,1:07:32,67.53333333333333,5,15
571.0,1143,2022-07-16,BT01,BT02,1,16:57:30,17:53:14,0:55:44,55.733333333333334,5,16
572.0,1143,2022-07-20,BT02,BT01,2,16:05:25,17:11:50,1:06:25,66.41666666666667,2,16
573.0,1143,2022-07-20,BT01,BT02,1,17:24:59,18:19:40,0:54:41,54.68333333333333,2,17
574.0,1143,2022-07-21,BT02,BT01,2,16:03:02,17:08:18,1:05:16,65.26666666666667,3,16
575.0,1143,2022-07-21,BT01,BT02,1,17:37:31,18:30:31,0:53:00,53.0,3,17
576.0,1143,2022-07-26,BT02,BT01,2,07:59:15,08:55:26,0:56:11,56.18333333333333,1,7
577.0,1143,2022-07-26,BT01,BT02,1,11:50:37,12:55:04,1:04:27,64.45,1,11
578.0,1143,2022-07-26,BT02,BT01,2,14:35:34,15:36:09,1:00:35,60.583333333333336,1,14
579.0,1143,2022-07-26,BT01,BT02,1,17:30:57,18:26:59,0:56:02,56.03333333333333,1,17
580.0,1143,2022-07-27,BT02,BT01,2,09:44:39,10:45:30,1:00:51,60.85,2,9
581.0,1143,2022-07-27,BT01,BT02,1,13:06:23,14:07:25,1:01:02,61.03333333333333,2,13
582.0,1143,2022-07-30,BT02,BT01,2,09:54:44,10:51:19,0:56:35,56.583333333333336,5,9
583.0,1143,2022-07-30,BT01,BT02,1,12:01:23,13:05:34,1:04:11,64.18333333333334,5,12
584.0,1143,2022-07-30,BT02,BT01,2,14:14:25,15:22:28,1:08:03,68.05,5,14
585.0,1143,2022-07-30,BT01,BT02,1,16:09:52,17:24:56,1:15:04,75.06666666666666,5,16
586.0,1166,2022-07-01,BT01,BT02,1,06:14:49,07:03:00,0:48:11,48.18333333333333,4,6
587.0,1166,2022-07-01,BT02,BT01,2,07:14:57,07:55:50,0:40:53,40.88333333333333,4,7
588.0,1166,2022-07-01,BT01,BT02,1,08:17:10,09:12:21,0:55:11,55.18333333333333,4,8
589.0,1166,2022-07-01,BT02,BT01,2,12:27:19,13:25:01,0:57:42,57.7,4,12
590.0,1166,2022-07-01,BT01,BT02,1,14:41:09,15:38:52,0:57:43,57.71666666666667,4,14
591.0,1166,2022-07-01,BT02,BT01,2,15:41:22,17:59:49,2:18:27,138.45,4,15
592.0,1166,2022-07-01,BT01,BT02,1,18:21:14,19:16:36,0:55:22,55.36666666666667,4,18
594.0,1166,2022-07-02,BT01,BT02,1,05:43:13,16:05:09,10:21:56,621.9333333333333,5,5
595.0,1166,2022-07-02,BT02,BT01,2,16:06:09,17:59:11,1:53:02,113.03333333333333,5,16
596.0,1166,2022-07-02,BT01,BT02,1,18:05:26,18:56:51,0:51:25,51.416666666666664,5,18
597.0,1166,2022-07-05,BT01,BT02,1,06:18:51,07:06:09,0:47:18,47.3,1,6
598.0,1166,2022-07-05,BT02,BT01,2,07:23:38,08:08:54,0:45:16,45.266666666666666,1,7
599.0,1166,2022-07-05,BT01,BT02,1,09:21:14,10:15:10,0:53:56,53.93333333333333,1,9
600.0,1166,2022-07-05,BT02,BT01,2,14:58:47,17:59:41,3:00:54,180.9,1,14
601.0,1166,2022-07-06,BT01,BT02,1,06:21:00,07:05:00,0:44:00,44.0,2,6
602.0,1166,2022-07-06,BT02,BT01,2,07:20:58,08:05:47,0:44:49,44.81666666666667,2,7
603.0,1166,2022-07-06,BT01,BT02,1,08:41:31,09:36:18,0:54:47,54.78333333333333,2,8
604.0,1166,2022-07-06,BT02,BT01,2,10:25:50,11:15:14,0:49:24,49.4,2,10
605.0,1166,2022-07-06,BT01,BT02,1,12:11:35,13:12:26,1:00:51,60.85,2,12
606.0,1166,2022-07-06,BT02,BT01,2,13:59:19,14:53:42,0:54:23,54.38333333333333,2,13
607.0,1166,2022-07-06,BT01,BT02,1,15:40:50,16:41:22,1:00:32,60.53333333333333,2,15
608.0,1166,2022-07-06,BT02,BT01,2,16:43:37,18:01:35,1:17:58,77.96666666666667,2,16
609.0,1166,2022-07-07,BT01,BT02,1,06:18:59,07:05:05,0:46:06,46.1,3,6
610.0,1166,2022-07-07,BT02,BT01,2,16:36:28,18:00:21,1:23:53,83.88333333333334,3,16
611.0,1166,2022-07-09,BT01,BT02,1,06:18:47,07:26:31,1:07:44,67.73333333333333,5,6
612.0,1166,2022-07-09,BT02,BT01,2,08:55:44,09:59:44,1:04:00,64.0,5,8
613.0,1166,2022-07-09,BT01,BT02,1,11:01:12,12:02:45,1:01:33,61.55,5,11
614.0,1166,2022-07-09,BT02,BT01,2,12:21:23,13:17:05,0:55:42,55.7,5,12
615.0,1166,2022-07-09,BT01,BT02,1,13:40:03,14:44:17,1:04:14,64.23333333333333,5,13
616.0,1166,2022-07-09,BT02,BT01,2,14:48:02,18:02:51,3:14:49,194.81666666666666,5,14
617.0,1166,2022-07-12,BT01,BT02,1,06:20:28,08:20:53,2:00:25,120.41666666666667,1,6
618.0,1166,2022-07-12,BT02,BT01,2,08:24:07,18:15:54,9:51:47,591.7833333333333,1,8
619.0,1166,2022-07-14,BT01,BT02,1,06:16:19,07:11:07,0:54:48,54.8,3,6
620.0,1166,2022-07-14,BT02,BT01,2,07:27:25,08:15:42,0:48:17,48.28333333333333,3,7
621.0,1166,2022-07-14,BT01,BT02,1,08:41:32,09:42:57,1:01:25,61.416666666666664,3,8
622.0,1166,2022-07-14,BT02,BT01,2,09:53:10,18:04:26,8:11:16,491.26666666666665,3,9
623.0,1166,2022-07-15,BT01,BT02,1,06:18:33,07:27:48,1:09:15,69.25,4,6
624.0,1166,2022-07-15,BT02,BT01,2,16:44:04,18:10:11,1:26:07,86.11666666666666,4,16
625.0,1166,2022-07-16,BT01,BT02,1,06:18:20,07:03:10,0:44:50,44.833333333333336,5,6
626.0,1166,2022-07-16,BT02,BT01,2,07:16:28,08:06:57,0:50:29,50.483333333333334,5,7
627.0,1166,2022-07-16,BT01,BT02,1,08:41:30,09:42:03,1:00:33,60.55,5,8
628.0,1166,2022-07-16,BT02,BT01,2,11:15:48,12:22:39,1:06:51,66.85,5,11
629.0,1166,2022-07-18,BT01,BT02,1,06:16:44,07:59:52,1:43:08,103.13333333333334,0,6
630.0,1166,2022-07-18,BT02,BT01,2,08:06:33,09:11:39,1:05:06,65.1,0,8
631.0,1166,2022-07-18,BT01,BT02,1,09:38:37,10:45:22,1:06:45,66.75,0,9
632.0,1166,2022-07-18,BT02,BT01,2,15:38:25,16:33:37,0:55:12,55.2,0,15
633.0,1166,2022-07-19,BT01,BT02,1,06:19:20,07:49:50,1:30:30,90.5,1,6
634.0,1166,2022-07-19,BT02,BT01,2,08:06:26,08:57:33,0:51:07,51.11666666666667,1,8
635.0,1166,2022-07-19,BT01,BT02,1,09:27:00,10:25:31,0:58:31,58.516666666666666,1,9
636.0,1166,2022-07-19,BT02,BT01,2,11:24:02,18:05:05,6:41:03,401.05,1,11
637.0,1166,2022-07-20,BT01,BT02,1,06:20:33,13:06:23,6:45:50,405.8333333333333,2,6
638.0,1166,2022-07-20,BT02,BT01,2,17:10:57,18:55:54,1:44:57,104.95,2,17
639.0,1166,2022-07-21,BT01,BT02,1,06:17:10,07:28:03,1:10:53,70.88333333333334,3,6
640.0,1166,2022-07-21,BT02,BT01,2,09:18:29,10:10:49,0:52:20,52.333333333333336,3,9
641.0,1166,2022-07-21,BT01,BT02,1,11:20:44,12:35:53,1:15:09,75.15,3,11
642.0,1166,2022-07-21,BT02,BT01,2,13:22:21,18:06:44,4:44:23,284.3833333333333,3,13
643.0,1166,2022-07-23,BT01,BT02,1,06:30:05,08:08:28,1:38:23,98.38333333333334,5,6
644.0,1166,2022-07-23,BT02,BT01,2,08:27:50,09:23:05,0:55:15,55.25,5,8
645.0,1166,2022-07-23,BT01,BT02,1,10:38:44,12:42:06,2:03:22,123.36666666666666,5,10
646.0,1166,2022-07-23,BT02,BT01,2,13:25:26,14:50:52,1:25:26,85.43333333333334,5,13
647.0,1166,2022-07-23,BT01,BT02,1,16:31:08,17:34:08,1:03:00,63.0,5,16
648.0,1166,2022-07-24,BT02,BT01,2,14:18:50,15:18:04,0:59:14,59.233333333333334,6,14
649.0,1166,2022-07-25,BT01,BT02,1,12:48:47,13:59:41,1:10:54,70.9,0,12
650.0,1166,2022-07-25,BT02,BT01,2,15:49:29,18:30:58,2:41:29,161.48333333333332,0,15
651.0,1166,2022-07-26,BT01,BT02,1,15:28:42,16:34:21,1:05:39,65.65,1,15
652.0,1166,2022-07-26,BT02,BT01,2,16:37:36,18:08:29,1:30:53,90.88333333333334,1,16
653.0,1166,2022-07-27,BT01,BT02,1,06:23:51,07:13:04,0:49:13,49.21666666666667,2,6
654.0,1166,2022-07-27,BT02,BT01,2,07:18:09,08:11:36,0:53:27,53.45,2,7
655.0,1166,2022-07-27,BT01,BT02,1,09:35:47,10:33:08,0:57:21,57.35,2,9
656.0,1166,2022-07-27,BT02,BT01,2,12:31:34,13:41:34,1:10:00,70.0,2,12
657.0,1166,2022-07-27,BT01,BT02,1,15:05:29,16:05:26,0:59:57,59.95,2,15
658.0,1166,2022-07-27,BT02,BT01,2,16:48:25,18:14:55,1:26:30,86.5,2,16
659.0,1166,2022-07-28,BT01,BT02,1,06:22:23,08:28:35,2:06:12,126.2,3,6
660.0,1166,2022-07-28,BT02,BT01,2,08:45:45,09:42:48,0:57:03,57.05,3,8
661.0,1166,2022-07-28,BT01,BT02,1,12:11:29,13:23:38,1:12:09,72.15,3,12
662.0,1166,2022-07-28,BT02,BT01,2,13:45:37,18:13:51,4:28:14,268.23333333333335,3,13
663.0,1166,2022-07-29,BT01,BT02,1,06:19:04,07:42:24,1:23:20,83.33333333333333,4,6
664.0,1166,2022-07-29,BT02,BT01,2,15:46:58,18:16:35,2:29:37,149.61666666666667,4,15
665.0,1166,2022-07-30,BT01,BT02,1,06:21:13,07:08:17,0:47:04,47.06666666666667,5,6
666.0,1166,2022-07-30,BT02,BT01,2,07:21:00,08:16:55,0:55:55,55.916666666666664,5,7
667.0,1166,2022-07-30,BT01,BT02,1,08:49:20,09:50:02,1:00:42,60.7,5,8
668.0,1166,2022-07-30,BT02,BT01,2,11:29:17,12:30:00,1:00:43,60.71666666666667,5,11
669.0,1166,2022-07-30,BT01,BT02,1,14:00:01,15:06:17,1:06:16,66.26666666666667,5,14
670.0,1166,2022-07-30,BT02,BT01,2,16:00:18,18:16:59,2:16:41,136.68333333333334,5,16
671.0,1358,2022-07-01,BT02,BT01,2,08:43:39,09:32:40,0:49:01,49.016666666666666,4,8
672.0,1358,2022-07-01,BT01,BT02,1,10:40:20,11:40:26,1:00:06,60.1,4,10
673.0,1358,2022-07-02,BT02,BT01,2,07:00:23,07:53:48,0:53:25,53.416666666666664,5,7
674.0,1358,2022-07-02,BT01,BT02,1,08:18:01,09:15:00,0:56:59,56.983333333333334,5,8
675.0,1358,2022-07-02,BT02,BT01,2,10:02:41,11:03:58,1:01:17,61.28333333333333,5,10
676.0,1358,2022-07-02,BT01,BT02,1,12:51:46,13:43:45,0:51:59,51.983333333333334,5,12
677.0,1358,2022-07-02,BT02,BT01,2,14:27:47,15:22:13,0:54:26,54.43333333333333,5,14
678.0,1358,2022-07-02,BT01,BT02,1,15:45:02,16:41:40,0:56:38,56.63333333333333,5,15
679.0,1358,2022-07-03,BT02,BT01,2,07:31:45,08:21:30,0:49:45,49.75,6,7
680.0,1358,2022-07-03,BT01,BT02,1,08:50:53,09:40:28,0:49:35,49.583333333333336,6,8
681.0,1358,2022-07-03,BT02,BT01,2,11:16:38,12:12:58,0:56:20,56.333333333333336,6,11
682.0,1358,2022-07-03,BT01,BT02,1,12:41:27,13:35:36,0:54:09,54.15,6,12
683.0,1358,2022-07-06,BT02,BT01,2,07:41:27,08:24:31,0:43:04,43.06666666666667,2,7
684.0,1358,2022-07-06,BT01,BT02,1,09:41:28,10:39:53,0:58:25,58.416666666666664,2,9
685.0,1358,2022-07-06,BT02,BT01,2,11:01:17,11:53:09,0:51:52,51.86666666666667,2,11
686.0,1358,2022-07-06,BT01,BT02,1,12:31:19,13:26:24,0:55:05,55.083333333333336,2,12
687.0,1358,2022-07-07,BT02,BT01,2,06:45:17,07:29:59,0:44:42,44.7,3,6
688.0,1358,2022-07-07,BT01,BT02,1,08:50:16,09:39:36,0:49:20,49.333333333333336,3,8
689.0,1358,2022-07-07,BT02,BT01,2,11:01:00,11:55:43,0:54:43,54.71666666666667,3,11
690.0,1358,2022-07-07,BT01,BT02,1,13:02:08,13:51:40,0:49:32,49.53333333333333,3,13
691.0,1358,2022-07-08,BT02,BT01,2,07:42:18,08:27:33,0:45:15,45.25,4,7
692.0,1358,2022-07-08,BT01,BT02,1,11:20:01,12:15:01,0:55:00,55.0,4,11
693.0,1358,2022-07-08,BT02,BT01,2,13:05:00,14:00:25,0:55:25,55.416666666666664,4,13
694.0,1358,2022-07-08,BT01,BT02,1,16:07:52,17:02:05,0:54:13,54.21666666666667,4,16
695.0,1358,2022-07-12,BT02,BT01,2,08:32:32,09:28:27,0:55:55,55.916666666666664,1,8
696.0,1358,2022-07-12,BT01,BT02,1,10:41:12,11:31:09,0:49:57,49.95,1,10
697.0,1358,2022-07-15,BT02,BT01,2,08:05:42,08:54:44,0:49:02,49.03333333333333,4,8
698.0,1358,2022-07-15,BT01,BT02,1,10:21:38,11:17:47,0:56:09,56.15,4,10
699.0,1358,2022-07-15,BT02,BT01,2,11:50:09,12:59:17,1:09:08,69.13333333333334,4,11
700.0,1358,2022-07-15,BT01,BT02,1,13:31:19,14:19:13,0:47:54,47.9,4,13
701.0,1358,2022-07-16,BT02,BT01,2,05:59:29,06:47:23,0:47:54,47.9,5,5
702.0,1358,2022-07-16,BT01,BT02,1,07:14:03,08:14:02,0:59:59,59.983333333333334,5,7
703.0,1358,2022-07-17,BT02,BT01,2,06:04:14,06:57:41,0:53:27,53.45,6,6
704.0,1358,2022-07-17,BT01,BT02,1,07:08:00,08:04:02,0:56:02,56.03333333333333,6,7
705.0,1358,2022-07-18,BT02,BT01,2,06:12:13,07:00:48,0:48:35,48.583333333333336,0,6
706.0,1358,2022-07-18,BT01,BT02,1,07:22:45,08:30:55,1:08:10,68.16666666666667,0,7
707.0,1358,2022-07-20,BT02,BT01,2,06:32:42,07:19:39,0:46:57,46.95,2,6
708.0,1358,2022-07-20,BT01,BT02,1,07:49:59,08:55:31,1:05:32,65.53333333333333,2,7
709.0,1358,2022-07-21,BT02,BT01,2,05:59:02,06:49:33,0:50:31,50.516666666666666,3,5
710.0,1358,2022-07-21,BT01,BT02,1,07:00:14,08:08:55,1:08:41,68.68333333333334,3,7
711.0,1358,2022-07-24,BT02,BT01,2,06:49:03,07:35:56,0:46:53,46.88333333333333,6,6
712.0,1358,2022-07-24,BT01,BT02,1,08:09:54,08:56:31,0:46:37,46.61666666666667,6,8
713.0,1358,2022-07-25,BT02,BT01,2,05:45:38,06:32:02,0:46:24,46.4,0,5
714.0,1358,2022-07-25,BT01,BT02,1,07:13:46,08:17:15,1:03:29,63.483333333333334,0,7
715.0,1358,2022-07-26,BT02,BT01,2,06:00:01,06:59:49,0:59:48,59.8,1,6
716.0,1358,2022-07-26,BT01,BT02,1,07:30:31,08:24:44,0:54:13,54.21666666666667,1,7
717.0,1358,2022-07-27,BT02,BT01,2,05:43:59,06:21:59,0:38:00,38.0,2,5
718.0,1358,2022-07-27,BT01,BT02,1,07:25:33,08:20:29,0:54:56,54.93333333333333,2,7
719.0,1358,2022-07-28,BT02,BT01,2,06:44:36,07:38:47,0:54:11,54.18333333333333,3,6
720.0,1358,2022-07-28,BT01,BT02,1,09:09:16,10:01:59,0:52:43,52.71666666666667,3,9
721.0,1358,2022-07-31,BT02,BT01,2,06:38:48,07:23:59,0:45:11,45.18333333333333,6,6
722.0,1358,2022-07-31,BT01,BT02,1,08:09:27,09:02:49,0:53:22,53.36666666666667,6,8
723.0,1358,2022-08-01,BT02,BT01,2,06:59:43,08:32:32,1:32:49,92.81666666666666,0,6
724.0,1358,2022-08-01,BT01,BT02,1,09:12:26,10:21:07,1:08:41,68.68333333333334,0,9
725.0,1377,2022-07-15,BT02,BT01,2,16:45:40,17:45:21,0:59:41,59.68333333333333,4,16
726.0,1377,2022-07-15,BT01,BT02,1,17:55:06,18:47:18,0:52:12,52.2,4,17
727.0,1377,2022-07-16,BT01,BT02,1,12:28:09,13:31:32,1:03:23,63.38333333333333,5,12
728.0,1377,2022-07-16,BT02,BT01,2,14:21:22,15:48:07,1:26:45,86.75,5,14
729.0,1377,2022-07-20,BT01,BT02,1,11:21:00,12:06:21,0:45:21,45.35,2,11
730.0,1377,2022-07-20,BT02,BT01,2,14:06:01,15:04:48,0:58:47,58.78333333333333,2,14
731.0,1377,2022-07-23,BT01,BT02,1,08:10:25,09:12:45,1:02:20,62.333333333333336,5,8
732.0,1377,2022-07-23,BT02,BT01,2,10:18:13,11:29:23,1:11:10,71.16666666666667,5,10
733.0,1377,2022-07-30,BT01,BT02,1,07:13:16,08:10:38,0:57:22,57.36666666666667,5,7
734.0,1377,2022-07-30,BT02,BT01,2,10:54:36,11:54:19,0:59:43,59.71666666666667,5,10
735.0,1377,2022-07-30,BT01,BT02,1,13:11:44,14:09:33,0:57:49,57.81666666666667,5,13
736.0,1377,2022-07-30,BT02,BT01,2,16:15:37,17:33:29,1:17:52,77.86666666666666,5,16
737.0,1377,2022-07-31,BT01,BT02,1,07:51:46,08:54:13,1:02:27,62.45,6,7
738.0,1377,2022-07-31,BT02,BT01,2,10:24:29,11:20:31,0:56:02,56.03333333333333,6,10
739.0,1377,2022-07-31,BT01,BT02,1,12:43:36,13:48:14,1:04:38,64.63333333333334,6,12
740.0,1377,2022-07-31,BT02,BT01,2,16:55:04,17:59:41,1:04:37,64.61666666666666,6,16
